feature,feature_id,band,band_label,pct_missing_0,pct_missing_1-4,pct_missing_5-9,pct_missing_10-19,pct_missing_20-49,pct_missing_50+
Amplitude,57,1,g,100.0,100.0,84.71,37.3,13.05,1.84
Amplitude,57,2,r,100.0,100.0,89.46,43.06,12.22,1.75
AndersonDarling,58,1,g,100.0,100.0,84.71,37.3,13.05,1.84
AndersonDarling,58,2,r,100.0,100.0,89.46,43.06,12.22,1.75
Autocor_length,59,1,g,100.0,100.0,84.71,37.3,13.05,1.84
Autocor_length,59,2,r,100.0,100.0,89.46,43.06,12.22,1.75
Beyond1Std,60,1,g,100.0,100.0,84.71,37.3,13.05,1.84
Beyond1Std,60,2,r,100.0,100.0,89.46,43.06,12.22,1.75
Con,61,1,g,100.0,100.0,84.71,37.3,13.05,1.84
Con,61,2,r,100.0,100.0,89.46,43.06,12.22,1.75
Eta_e,62,1,g,100.0,100.0,84.71,37.3,13.05,1.84
Eta_e,62,2,r,100.0,100.0,89.46,43.06,12.22,1.75
ExcessVar,78,1,g,100.0,100.0,84.71,37.3,13.05,1.84
ExcessVar,78,2,r,100.0,100.0,89.46,43.06,12.22,1.75
GP_DRW_sigma,28,1,g,100.0,100.0,70.59,29.83,9.55,0.71
GP_DRW_sigma,28,2,r,100.0,100.0,77.82,34.51,8.74,0.52
GP_DRW_tau,29,1,g,100.0,100.0,70.59,29.83,9.55,0.71
GP_DRW_tau,29,2,r,100.0,100.0,77.82,34.51,8.74,0.52
Gskew,63,1,g,100.0,100.0,84.71,37.3,13.05,1.84
Gskew,63,2,r,100.0,100.0,89.46,43.06,12.22,1.75
Harmonics_chi,43,1,g,94.0,89.11,59.63,32.17,11.21,1.8
Harmonics_chi,43,2,r,95.85,90.3,66.7,39.74,11.0,1.51
Harmonics_mag_1,44,1,g,93.44,87.92,58.17,31.06,11.09,1.8
Harmonics_mag_1,44,2,r,95.37,89.05,65.23,37.93,10.81,1.47
Harmonics_mag_2,45,1,g,93.44,87.92,58.17,31.06,11.09,1.8
Harmonics_mag_2,45,2,r,95.37,89.05,65.23,37.93,10.81,1.47
Harmonics_mag_3,47,1,g,93.44,87.92,58.17,31.06,11.09,1.8
Harmonics_mag_3,47,2,r,95.37,89.05,65.23,37.93,10.81,1.47
Harmonics_mag_4,49,1,g,93.44,87.92,58.17,31.06,11.09,1.8
Harmonics_mag_4,49,2,r,95.37,89.05,65.23,37.93,10.81,1.47
Harmonics_mag_5,51,1,g,93.44,87.92,58.17,31.06,11.09,1.8
Harmonics_mag_5,51,2,r,95.37,89.05,65.23,37.93,10.81,1.47
Harmonics_mag_6,53,1,g,93.44,87.92,58.17,31.06,11.09,1.8
Harmonics_mag_6,53,2,r,95.37,89.05,65.23,37.93,10.81,1.47
Harmonics_mag_7,55,1,g,93.44,87.92,58.17,31.06,11.09,1.8
Harmonics_mag_7,55,2,r,95.37,89.05,65.23,37.93,10.81,1.47
Harmonics_mse,42,1,g,93.44,87.92,58.17,31.06,11.09,1.8
Harmonics_mse,42,2,r,95.37,89.05,65.23,37.93,10.81,1.47
Harmonics_phase_2,46,1,g,93.44,87.92,58.17,31.06,11.09,1.8
Harmonics_phase_2,46,2,r,95.37,89.05,65.23,37.93,10.81,1.47
Harmonics_phase_3,48,1,g,93.44,87.92,58.17,31.06,11.09,1.8
Harmonics_phase_3,48,2,r,95.37,89.05,65.23,37.93,10.81,1.47
Harmonics_phase_4,50,1,g,93.44,87.92,58.17,31.06,11.09,1.8
Harmonics_phase_4,50,2,r,95.37,89.05,65.23,37.93,10.81,1.47
Harmonics_phase_5,52,1,g,93.44,87.92,58.17,31.06,11.09,1.8
Harmonics_phase_5,52,2,r,95.37,89.05,65.23,37.93,10.81,1.47
Harmonics_phase_6,54,1,g,93.44,87.92,58.17,31.06,11.09,1.8
Harmonics_phase_6,54,2,r,95.37,89.05,65.23,37.93,10.81,1.47
Harmonics_phase_7,56,1,g,93.44,87.92,58.17,31.06,11.09,1.8
Harmonics_phase_7,56,2,r,95.37,89.05,65.23,37.93,10.81,1.47
IAR_phi,81,1,g,100.0,100.0,84.71,37.3,13.05,1.84
IAR_phi,81,2,r,100.0,100.0,89.46,43.06,12.22,1.75
LinearTrend,82,1,g,100.0,100.0,84.71,37.3,13.05,1.84
LinearTrend,82,2,r,100.0,100.0,89.46,43.06,12.22,1.75
MHPS_PN_flag,24,1,g,100.0,99.84,91.83,67.95,32.86,4.03
MHPS_PN_flag,24,2,r,100.0,99.81,91.45,67.31,33.9,3.45
MHPS_high,22,1,g,100.0,99.86,91.95,68.36,32.86,4.03
MHPS_high,22,2,r,100.0,99.81,91.54,67.57,34.03,3.49
MHPS_high_30,27,1,g,100.0,99.86,91.95,68.36,32.8,3.94
MHPS_high_30,27,2,r,100.0,99.8,91.54,67.57,34.03,3.49
MHPS_low,21,1,g,100.0,99.86,91.95,68.24,32.86,4.03
MHPS_low,21,2,r,100.0,99.81,91.54,67.52,33.9,3.45
MHPS_low_365,26,1,g,100.0,99.86,91.95,68.13,32.8,3.94
MHPS_low_365,26,2,r,100.0,99.8,91.54,67.47,33.9,3.45
MHPS_non_zero,23,1,g,100.0,99.84,91.83,67.95,32.86,4.03
MHPS_non_zero,23,2,r,100.0,99.81,91.45,67.31,33.9,3.45
MHPS_ratio,20,1,g,100.0,99.86,91.95,68.36,32.86,4.03
MHPS_ratio,20,2,r,100.0,99.81,91.54,67.57,34.03,3.49
MHPS_ratio_365_30,25,1,g,100.0,99.86,91.95,68.36,32.8,3.94
MHPS_ratio_365_30,25,2,r,100.0,99.8,91.54,67.57,34.03,3.49
MaxSlope,64,1,g,100.0,100.0,84.71,37.3,13.05,1.84
MaxSlope,64,2,r,100.0,100.0,89.46,43.06,12.22,1.75
Mean,65,1,g,100.0,100.0,84.71,37.3,13.05,1.84
Mean,65,2,r,100.0,100.0,89.46,43.06,12.22,1.75
Meanvariance,66,1,g,100.0,100.0,84.71,37.3,13.05,1.84
Meanvariance,66,2,r,100.0,100.0,89.46,43.06,12.22,1.75
MedianAbsDev,67,1,g,100.0,100.0,84.71,37.3,13.05,1.84
MedianAbsDev,67,2,r,100.0,100.0,89.46,43.06,12.22,1.75
MedianBRP,68,1,g,100.0,100.0,84.71,37.3,13.05,1.84
MedianBRP,68,2,r,100.0,100.0,89.46,43.06,12.22,1.75
PairSlopeTrend,69,1,g,100.0,100.0,84.71,37.3,13.05,1.84
PairSlopeTrend,69,2,r,100.0,100.0,89.46,43.06,12.22,1.75
PercentAmplitude,70,1,g,100.0,100.0,84.71,37.3,13.05,1.84
PercentAmplitude,70,2,r,100.0,100.0,89.46,43.06,12.22,1.75
Period_band,32,1,g,93.47,88.24,59.51,33.22,12.04,1.89
Period_band,32,2,r,95.38,89.33,66.1,40.28,13.44,1.79
Psi_CS,40,1,g,100.0,97.62,69.76,37.65,13.64,2.05
Psi_CS,40,2,r,100.0,98.68,79.5,44.98,11.85,1.67
Psi_eta,41,1,g,100.0,97.62,69.76,37.65,13.64,2.05
Psi_eta,41,2,r,100.0,98.68,79.5,44.98,11.85,1.67
Pvar,77,1,g,100.0,100.0,84.71,37.3,13.05,1.84
Pvar,77,2,r,100.0,100.0,89.46,43.06,12.22,1.75
Q31,71,1,g,100.0,100.0,84.71,37.3,13.05,1.84
Q31,71,2,r,100.0,100.0,89.46,43.06,12.22,1.75
Rcs,72,1,g,100.0,100.0,84.71,37.3,13.05,1.84
Rcs,72,2,r,100.0,100.0,89.46,43.06,12.22,1.75
SF_ML_amplitude,79,1,g,100.0,100.0,84.71,37.3,13.05,1.84
SF_ML_amplitude,79,2,r,100.0,100.0,89.46,43.06,12.22,1.75
SF_ML_gamma,80,1,g,100.0,100.0,84.71,37.3,13.05,1.84
SF_ML_gamma,80,2,r,100.0,100.0,89.46,43.06,12.22,1.75
SPM_A,83,1,g,53.93,6.12,0.73,0.18,0.12,0.08
SPM_A,83,2,r,56.71,10.38,2.19,1.07,0.24,0.0
SPM_beta,86,1,g,53.93,6.12,0.73,0.18,0.12,0.08
SPM_beta,86,2,r,56.71,10.38,2.19,1.07,0.24,0.0
SPM_chi,89,1,g,68.97,57.47,26.66,7.53,2.02,0.17
SPM_chi,89,2,r,71.35,60.27,31.53,9.78,2.32,0.08
SPM_gamma,85,1,g,53.93,6.12,0.73,0.18,0.12,0.08
SPM_gamma,85,2,r,56.71,10.38,2.19,1.07,0.24,0.0
SPM_t0,84,1,g,53.93,6.12,0.73,0.18,0.12,0.08
SPM_t0,84,2,r,56.71,10.38,2.19,1.07,0.24,0.0
SPM_tau_fall,88,1,g,53.93,6.12,0.73,0.18,0.12,0.08
SPM_tau_fall,88,2,r,56.71,10.38,2.19,1.07,0.24,0.0
SPM_tau_rise,87,1,g,53.93,6.12,0.73,0.18,0.12,0.08
SPM_tau_rise,87,2,r,56.71,10.38,2.19,1.07,0.24,0.0
Skew,73,1,g,100.0,100.0,84.71,37.3,13.05,1.84
Skew,73,2,r,100.0,100.0,89.46,43.06,12.22,1.75
SmallKurtosis,74,1,g,100.0,100.0,84.71,37.3,13.05,1.84
SmallKurtosis,74,2,r,100.0,100.0,89.46,43.06,12.22,1.75
Std,75,1,g,100.0,100.0,84.71,37.3,13.05,1.84
Std,75,2,r,100.0,100.0,89.46,43.06,12.22,1.75
StetsonK,76,1,g,100.0,100.0,84.71,37.3,13.05,1.84
StetsonK,76,2,r,100.0,100.0,89.46,43.06,12.22,1.75
TDE_decay,91,1,g,62.64,31.11,4.9,1.46,0.47,0.08
TDE_decay,91,2,r,62.58,31.48,7.39,2.4,0.55,0.0
TDE_decay_chi,92,1,g,86.37,91.12,78.63,56.63,38.2,12.49
TDE_decay_chi,92,2,r,84.98,88.33,75.7,56.68,35.61,11.74
TDE_mag0,93,1,g,62.64,31.11,4.9,1.46,0.47,0.08
TDE_mag0,93,2,r,62.58,31.48,7.39,2.4,0.55,0.0
TDE_mjd_ref,94,1,g,62.64,31.11,4.9,1.46,0.47,0.08
TDE_mjd_ref,94,2,r,62.58,31.48,7.39,2.4,0.55,0.0
dbrightness_first_det_band,104,1,g,100.0,84.72,90.54,91.77,95.49,99.25
dbrightness_first_det_band,104,2,r,100.0,86.63,90.08,91.67,96.03,99.25
dbrightness_forced_phot_band,105,1,g,100.0,84.72,90.54,91.77,95.49,99.25
dbrightness_forced_phot_band,105,2,r,100.0,86.63,90.08,91.67,96.03,99.25
delta_period,33,1,g,93.47,88.24,59.51,33.22,12.04,1.89
delta_period,33,2,r,95.38,89.33,66.1,40.28,13.44,1.79
fleet_a,95,1,g,80.36,72.38,51.39,39.93,29.06,18.95
fleet_a,95,2,r,83.25,74.3,53.82,42.9,30.79,19.2
fleet_chi,97,1,g,84.87,76.76,56.59,43.55,30.78,20.04
fleet_chi,97,2,r,87.42,78.74,59.02,46.96,32.68,19.99
fleet_m0,98,1,g,80.36,72.38,51.39,39.93,29.06,18.95
fleet_m0,98,2,r,83.25,74.3,53.82,42.9,30.79,19.2
fleet_mjd_ref,100,1,g,80.36,72.38,51.39,39.93,29.06,18.95
fleet_mjd_ref,100,2,r,83.25,74.3,53.82,42.9,30.79,19.2
fleet_t0,99,1,g,80.36,72.38,51.39,39.93,29.06,18.95
fleet_t0,99,2,r,83.25,74.3,53.82,42.9,30.79,19.2
fleet_w,96,1,g,80.36,72.38,51.39,39.93,29.06,18.95
fleet_w,96,2,r,83.25,74.3,53.82,42.9,30.79,19.2
last_brightness_before_band,106,1,g,74.31,82.16,90.12,91.3,95.43,99.25
last_brightness_before_band,106,2,r,74.93,80.5,88.37,90.76,95.72,99.21
max_brightness_after_band,110,1,g,74.02,53.84,22.8,13.37,9.31,4.32
max_brightness_after_band,110,2,r,75.52,53.96,23.22,16.24,11.97,4.56
max_brightness_before_band,107,1,g,74.31,82.16,90.12,91.3,95.43,99.25
max_brightness_before_band,107,2,r,74.93,80.5,88.37,90.76,95.72,99.21
median_brightness_after_band,111,1,g,74.02,53.84,22.8,13.37,9.31,4.32
median_brightness_after_band,111,2,r,75.52,53.96,23.22,16.24,11.97,4.56
median_brightness_before_band,108,1,g,74.31,82.16,90.12,91.3,95.43,99.25
median_brightness_before_band,108,2,r,74.93,80.5,88.37,90.76,95.72,99.21
n_forced_phot_band_after,109,1,g,53.64,42.72,20.78,12.67,9.07,4.32
n_forced_phot_band_after,109,2,r,56.66,41.77,21.51,15.92,11.79,4.56
n_forced_phot_band_before,103,1,g,53.64,42.72,20.78,12.67,9.07,4.32
n_forced_phot_band_before,103,2,r,56.66,41.77,21.51,15.92,11.79,4.56
positive_fraction,102,1,g,100.0,13.62,3.41,1.23,0.3,0.17
positive_fraction,102,2,r,100.0,26.77,9.8,5.61,0.98,0.04
ulens_chi,115,1,g,77.03,54.83,20.63,7.36,3.8,1.09
ulens_chi,115,2,r,77.97,57.51,26.8,10.58,3.79,0.67
ulens_fs,114,1,g,75.05,51.9,16.83,6.54,3.32,1.01
ulens_fs,114,2,r,76.19,54.06,22.71,9.24,3.48,0.67
ulens_mag0,117,1,g,75.05,51.9,16.83,6.54,3.32,1.01
ulens_mag0,117,2,r,76.19,54.06,22.71,9.24,3.48,0.67
ulens_t0,116,1,g,75.05,51.9,16.83,6.54,3.32,1.01
ulens_t0,116,2,r,76.19,54.06,22.71,9.24,3.48,0.67
ulens_tE,113,1,g,75.05,51.9,16.83,6.54,3.32,1.01
ulens_tE,113,2,r,76.19,54.06,22.71,9.24,3.48,0.67
ulens_u0,112,1,g,75.05,51.9,16.83,6.54,3.32,1.01
ulens_u0,112,2,r,76.19,54.06,22.71,9.24,3.48,0.67
