feature,feature_id,band,band_label,n_objects,pct_missing
MHPS_high,22,1,g,4330,90.71
MHPS_ratio,20,1,g,4330,90.71
MHPS_low,21,1,g,4332,90.71
MHPS_high_30,27,1,g,4333,90.70
MHPS_ratio_365_30,25,1,g,4333,90.70
MHPS_low_365,26,1,g,4337,90.70
MHPS_PN_flag,24,1,g,4348,90.67
MHPS_non_zero,23,1,g,4348,90.67
dbrightness_first_det_band,104,2,r,4483,90.38
dbrightness_forced_phot_band,105,2,r,4483,90.38
MHPS_high,22,2,r,4554,90.23
MHPS_ratio,20,2,r,4554,90.23
MHPS_high_30,27,2,r,4555,90.23
MHPS_ratio_365_30,25,2,r,4555,90.23
MHPS_low,21,2,r,4558,90.22
MHPS_low_365,26,2,r,4560,90.22
MHPS_PN_flag,24,2,r,4566,90.21
MHPS_non_zero,23,2,r,4566,90.21
dbrightness_first_det_band,104,1,g,4714,89.89
dbrightness_forced_phot_band,105,1,g,4714,89.89
Amplitude,57,2,r,5452,88.30
AndersonDarling,58,2,r,5452,88.30
Autocor_length,59,2,r,5452,88.30
Beyond1Std,60,2,r,5452,88.30
Con,61,2,r,5452,88.30
Eta_e,62,2,r,5452,88.30
ExcessVar,78,2,r,5452,88.30
Gskew,63,2,r,5452,88.30
IAR_phi,81,2,r,5452,88.30
LinearTrend,82,2,r,5452,88.30
MaxSlope,64,2,r,5452,88.30
Mean,65,2,r,5452,88.30
Meanvariance,66,2,r,5452,88.30
MedianAbsDev,67,2,r,5452,88.30
MedianBRP,68,2,r,5452,88.30
PairSlopeTrend,69,2,r,5452,88.30
PercentAmplitude,70,2,r,5452,88.30
Pvar,77,2,r,5452,88.30
Q31,71,2,r,5452,88.30
Rcs,72,2,r,5452,88.30
SF_ML_amplitude,79,2,r,5452,88.30
SF_ML_gamma,80,2,r,5452,88.30
Skew,73,2,r,5452,88.30
SmallKurtosis,74,2,r,5452,88.30
Std,75,2,r,5452,88.30
StetsonK,76,2,r,5452,88.30
Amplitude,57,1,g,5508,88.18
AndersonDarling,58,1,g,5508,88.18
Autocor_length,59,1,g,5508,88.18
Beyond1Std,60,1,g,5508,88.18
Con,61,1,g,5508,88.18
Eta_e,62,1,g,5508,88.18
ExcessVar,78,1,g,5508,88.18
Gskew,63,1,g,5508,88.18
IAR_phi,81,1,g,5508,88.18
LinearTrend,82,1,g,5508,88.18
MaxSlope,64,1,g,5508,88.18
Mean,65,1,g,5508,88.18
Meanvariance,66,1,g,5508,88.18
MedianAbsDev,67,1,g,5508,88.18
MedianBRP,68,1,g,5508,88.18
PairSlopeTrend,69,1,g,5508,88.18
PercentAmplitude,70,1,g,5508,88.18
Pvar,77,1,g,5508,88.18
Q31,71,1,g,5508,88.18
Rcs,72,1,g,5508,88.18
SF_ML_amplitude,79,1,g,5508,88.18
SF_ML_gamma,80,1,g,5508,88.18
Skew,73,1,g,5508,88.18
SmallKurtosis,74,1,g,5508,88.18
Std,75,1,g,5508,88.18
StetsonK,76,1,g,5508,88.18
GP_DRW_sigma,28,2,r,6221,86.65
GP_DRW_tau,29,2,r,6221,86.65
Psi_CS,40,2,r,6245,86.60
Psi_eta,41,2,r,6245,86.60
GP_DRW_sigma,28,1,g,6301,86.48
GP_DRW_tau,29,1,g,6301,86.48
Psi_CS,40,1,g,6737,85.55
Psi_eta,41,1,g,6737,85.55
last_brightness_before_band,106,1,g,7983,82.87
max_brightness_before_band,107,1,g,7983,82.87
median_brightness_before_band,108,1,g,7983,82.87
last_brightness_before_band,106,2,r,8254,82.29
max_brightness_before_band,107,2,r,8254,82.29
median_brightness_before_band,108,2,r,8254,82.29
TDE_decay_chi,92,1,g,8483,81.80
Harmonics_chi,43,2,r,9634,79.33
TDE_decay_chi,92,2,r,9650,79.30
color_variation,101,12,gr,9734,79.12
Period_band,32,2,r,9916,78.73
delta_period,33,2,r,9916,78.73
Harmonics_mag_1,44,2,r,10130,78.27
Harmonics_mag_2,45,2,r,10130,78.27
Harmonics_mag_3,47,2,r,10130,78.27
Harmonics_mag_4,49,2,r,10130,78.27
Harmonics_mag_5,51,2,r,10130,78.27
Harmonics_mag_6,53,2,r,10130,78.27
Harmonics_mag_7,55,2,r,10130,78.27
Harmonics_mse,42,2,r,10130,78.27
Harmonics_phase_2,46,2,r,10130,78.27
Harmonics_phase_3,48,2,r,10130,78.27
Harmonics_phase_4,50,2,r,10130,78.27
Harmonics_phase_5,52,2,r,10130,78.27
Harmonics_phase_6,54,2,r,10130,78.27
Harmonics_phase_7,56,2,r,10130,78.27
Harmonics_chi,43,1,g,10170,78.18
Period_band,32,1,g,10426,77.63
delta_period,33,1,g,10426,77.63
Harmonics_mag_1,44,1,g,10623,77.21
Harmonics_mag_2,45,1,g,10623,77.21
Harmonics_mag_3,47,1,g,10623,77.21
Harmonics_mag_4,49,1,g,10623,77.21
Harmonics_mag_5,51,1,g,10623,77.21
Harmonics_mag_6,53,1,g,10623,77.21
Harmonics_mag_7,55,1,g,10623,77.21
Harmonics_mse,42,1,g,10623,77.21
Harmonics_phase_2,46,1,g,10623,77.21
Harmonics_phase_3,48,1,g,10623,77.21
Harmonics_phase_4,50,1,g,10623,77.21
Harmonics_phase_5,52,1,g,10623,77.21
Harmonics_phase_6,54,1,g,10623,77.21
Harmonics_phase_7,56,1,g,10623,77.21
Multiband_period,30,12,gr,11793,74.70
PPE,31,12,gr,11793,74.70
Power_rate_1/2,36,12,gr,11793,74.70
Power_rate_1/3,35,12,gr,11793,74.70
Power_rate_1/4,34,12,gr,11793,74.70
Power_rate_2,37,12,gr,11793,74.70
Power_rate_3,38,12,gr,11793,74.70
Power_rate_4,39,12,gr,11793,74.70
fleet_chi,97,2,r,12956,72.21
fleet_chi,97,1,g,13550,70.93
fleet_a,95,2,r,14900,68.04
fleet_m0,98,2,r,14900,68.04
fleet_mjd_ref,100,2,r,14900,68.04
fleet_t0,99,2,r,14900,68.04
fleet_w,96,2,r,14900,68.04
fleet_a,95,1,g,15500,66.75
fleet_m0,98,1,g,15500,66.75
fleet_mjd_ref,100,1,g,15500,66.75
fleet_t0,99,1,g,15500,66.75
fleet_w,96,1,g,15500,66.75
g-r_max_corr,3,12,gr,16842,63.87
g-r_mean_corr,2,12,gr,16842,63.87
g-r_max,1,12,gr,17402,62.67
g-r_mean,0,12,gr,17402,62.67
SPM_chi,89,2,r,22368,52.02
ulens_chi,115,2,r,22800,51.09
SPM_chi,89,1,g,23100,50.45
ulens_chi,115,1,g,23201,50.23
max_brightness_after_band,110,1,g,23405,49.79
median_brightness_after_band,111,1,g,23405,49.79
max_brightness_after_band,110,2,r,23819,48.90
median_brightness_after_band,111,2,r,23819,48.90
ulens_fs,114,2,r,24131,48.23
ulens_mag0,117,2,r,24131,48.23
ulens_t0,116,2,r,24131,48.23
ulens_tE,113,2,r,24131,48.23
ulens_u0,112,2,r,24131,48.23
ulens_fs,114,1,g,24364,47.73
ulens_mag0,117,1,g,24364,47.73
ulens_t0,116,1,g,24364,47.73
ulens_tE,113,1,g,24364,47.73
ulens_u0,112,1,g,24364,47.73
r-W1,8,0,-,24727,46.96
r-W2,10,0,-,24727,46.96
r-W3,12,0,-,24727,46.96
r-W4,14,0,-,24727,46.96
ulens_mjd_ref,118,0,-,27230,41.59
g-W1,7,0,-,27673,40.64
g-W2,9,0,-,27673,40.64
g-W3,11,0,-,27673,40.64
g-W4,13,0,-,27673,40.64
n_forced_phot_band_after,109,1,g,28510,38.84
n_forced_phot_band_before,103,1,g,28510,38.84
n_forced_phot_band_after,109,2,r,28822,38.17
n_forced_phot_band_before,103,2,r,28822,38.17
positive_fraction,102,2,r,30760,34.01
TDE_decay,91,1,g,31809,31.76
TDE_mag0,93,1,g,31809,31.76
TDE_mjd_ref,94,1,g,31809,31.76
TDE_decay,91,2,r,32475,30.34
TDE_mag0,93,2,r,32475,30.34
TDE_mjd_ref,94,2,r,32475,30.34
positive_fraction,102,1,g,32834,29.56
sigma_distnr,120,12,gr,37230,20.13
W1-W2,4,0,-,37324,19.93
W2-W3,5,0,-,37324,19.93
W3-W4,6,0,-,37324,19.93
SPM_A,83,2,r,39185,15.94
SPM_beta,86,2,r,39185,15.94
SPM_gamma,85,2,r,39185,15.94
SPM_t0,84,2,r,39185,15.94
SPM_tau_fall,88,2,r,39185,15.94
SPM_tau_rise,87,2,r,39185,15.94
SPM_A,83,1,g,39567,15.12
SPM_beta,86,1,g,39567,15.12
SPM_gamma,85,1,g,39567,15.12
SPM_t0,84,1,g,39567,15.12
SPM_tau_fall,88,1,g,39567,15.12
SPM_tau_rise,87,1,g,39567,15.12
mean_chinr,122,12,gr,43386,6.93
mean_sharpnr,121,12,gr,43386,6.93
ps_g-r,17,0,-,43451,6.79
mean_distnr,119,12,gr,43918,5.79
ps_r-i,18,0,-,44796,3.90
ps_i-z,19,0,-,45095,3.26
distpsnr1,16,0,-,46546,0.15
sgscore1,15,0,-,46546,0.15
Coordinate_x,124,0,-,46616,0.00
Coordinate_y,125,0,-,46616,0.00
Coordinate_z,126,0,-,46616,0.00
SPM_mjd_ref,90,0,-,46616,0.00
Timespan,123,0,-,46616,0.00
