feature,feature_id,band,band_label,pct_missing_2-4,pct_missing_5-9,pct_missing_10-19,pct_missing_20-49,pct_missing_50-99,pct_missing_100+
Amplitude,57,1,g,100.0,98.83,82.6,41.27,19.56,6.9
Amplitude,57,2,r,100.0,98.13,80.85,49.31,21.24,6.07
AndersonDarling,58,1,g,100.0,98.83,82.6,41.27,19.56,6.9
AndersonDarling,58,2,r,100.0,98.13,80.85,49.31,21.24,6.07
Autocor_length,59,1,g,100.0,98.83,82.6,41.27,19.56,6.9
Autocor_length,59,2,r,100.0,98.13,80.85,49.31,21.24,6.07
Beyond1Std,60,1,g,100.0,98.83,82.6,41.27,19.56,6.9
Beyond1Std,60,2,r,100.0,98.13,80.85,49.31,21.24,6.07
Con,61,1,g,100.0,98.83,82.6,41.27,19.56,6.9
Con,61,2,r,100.0,98.13,80.85,49.31,21.24,6.07
Coordinate_x,124,0,-,0.0,0.0,0.0,0.0,0.0,0.0
Coordinate_y,125,0,-,0.0,0.0,0.0,0.0,0.0,0.0
Coordinate_z,126,0,-,0.0,0.0,0.0,0.0,0.0,0.0
Eta_e,62,1,g,100.0,98.83,82.6,41.27,19.56,6.9
Eta_e,62,2,r,100.0,98.13,80.85,49.31,21.24,6.07
ExcessVar,78,1,g,100.0,98.83,82.6,41.27,19.56,6.9
ExcessVar,78,2,r,100.0,98.13,80.85,49.31,21.24,6.07
GP_DRW_sigma,28,1,g,100.0,96.34,73.1,35.57,15.74,5.79
GP_DRW_sigma,28,2,r,100.0,95.04,73.86,43.65,17.42,4.73
GP_DRW_tau,29,1,g,100.0,96.34,73.1,35.57,15.74,5.79
GP_DRW_tau,29,2,r,100.0,95.04,73.86,43.65,17.42,4.73
Gskew,63,1,g,100.0,98.83,82.6,41.27,19.56,6.9
Gskew,63,2,r,100.0,98.13,80.85,49.31,21.24,6.07
Harmonics_chi,43,1,g,95.63,78.4,55.25,28.91,11.15,3.23
Harmonics_chi,43,2,r,95.99,79.97,56.97,34.92,13.9,5.0
Harmonics_mag_1,44,1,g,94.82,76.77,53.67,28.22,11.08,3.15
Harmonics_mag_1,44,2,r,95.19,78.06,55.56,33.54,13.52,4.93
Harmonics_mag_2,45,1,g,94.82,76.77,53.67,28.22,11.08,3.15
Harmonics_mag_2,45,2,r,95.19,78.06,55.56,33.54,13.52,4.93
Harmonics_mag_3,47,1,g,94.82,76.77,53.67,28.22,11.08,3.15
Harmonics_mag_3,47,2,r,95.19,78.06,55.56,33.54,13.52,4.93
Harmonics_mag_4,49,1,g,94.82,76.77,53.67,28.22,11.08,3.15
Harmonics_mag_4,49,2,r,95.19,78.06,55.56,33.54,13.52,4.93
Harmonics_mag_5,51,1,g,94.82,76.77,53.67,28.22,11.08,3.15
Harmonics_mag_5,51,2,r,95.19,78.06,55.56,33.54,13.52,4.93
Harmonics_mag_6,53,1,g,94.82,76.77,53.67,28.22,11.08,3.15
Harmonics_mag_6,53,2,r,95.19,78.06,55.56,33.54,13.52,4.93
Harmonics_mag_7,55,1,g,94.82,76.77,53.67,28.22,11.08,3.15
Harmonics_mag_7,55,2,r,95.19,78.06,55.56,33.54,13.52,4.93
Harmonics_mse,42,1,g,94.82,76.77,53.67,28.22,11.08,3.15
Harmonics_mse,42,2,r,95.19,78.06,55.56,33.54,13.52,4.93
Harmonics_phase_2,46,1,g,94.82,76.77,53.67,28.22,11.08,3.15
Harmonics_phase_2,46,2,r,95.19,78.06,55.56,33.54,13.52,4.93
Harmonics_phase_3,48,1,g,94.82,76.77,53.67,28.22,11.08,3.15
Harmonics_phase_3,48,2,r,95.19,78.06,55.56,33.54,13.52,4.93
Harmonics_phase_4,50,1,g,94.82,76.77,53.67,28.22,11.08,3.15
Harmonics_phase_4,50,2,r,95.19,78.06,55.56,33.54,13.52,4.93
Harmonics_phase_5,52,1,g,94.82,76.77,53.67,28.22,11.08,3.15
Harmonics_phase_5,52,2,r,95.19,78.06,55.56,33.54,13.52,4.93
Harmonics_phase_6,54,1,g,94.82,76.77,53.67,28.22,11.08,3.15
Harmonics_phase_6,54,2,r,95.19,78.06,55.56,33.54,13.52,4.93
Harmonics_phase_7,56,1,g,94.82,76.77,53.67,28.22,11.08,3.15
Harmonics_phase_7,56,2,r,95.19,78.06,55.56,33.54,13.52,4.93
IAR_phi,81,1,g,100.0,98.83,82.6,41.27,19.56,6.9
IAR_phi,81,2,r,100.0,98.13,80.85,49.31,21.24,6.07
LinearTrend,82,1,g,100.0,98.83,82.6,41.27,19.56,6.9
LinearTrend,82,2,r,100.0,98.13,80.85,49.31,21.24,6.07
MHPS_PN_flag,24,1,g,99.97,98.88,91.03,65.69,37.28,9.57
MHPS_PN_flag,24,2,r,99.89,97.64,88.3,66.72,36.21,10.05
MHPS_high,22,1,g,99.97,98.88,91.14,65.86,37.59,9.81
MHPS_high,22,2,r,99.89,97.64,88.49,66.85,36.36,10.05
MHPS_high_30,27,1,g,99.97,98.88,91.14,65.86,37.36,9.81
MHPS_high_30,27,2,r,99.89,97.64,88.49,66.85,36.36,10.05
MHPS_low,21,1,g,99.97,98.88,91.14,65.82,37.59,9.77
MHPS_low,21,2,r,99.89,97.64,88.49,66.77,36.21,10.05
MHPS_low_365,26,1,g,99.97,98.88,91.14,65.77,37.28,9.77
MHPS_low_365,26,2,r,99.89,97.64,88.47,66.77,36.21,10.05
MHPS_non_zero,23,1,g,99.97,98.88,91.03,65.69,37.28,9.57
MHPS_non_zero,23,2,r,99.89,97.64,88.3,66.72,36.21,10.05
MHPS_ratio,20,1,g,99.97,98.88,91.14,65.86,37.59,9.81
MHPS_ratio,20,2,r,99.89,97.64,88.49,66.85,36.36,10.05
MHPS_ratio_365_30,25,1,g,99.97,98.88,91.14,65.86,37.36,9.81
MHPS_ratio_365_30,25,2,r,99.89,97.64,88.49,66.85,36.36,10.05
MaxSlope,64,1,g,100.0,98.83,82.6,41.27,19.56,6.9
MaxSlope,64,2,r,100.0,98.13,80.85,49.31,21.24,6.07
Mean,65,1,g,100.0,98.83,82.6,41.27,19.56,6.9
Mean,65,2,r,100.0,98.13,80.85,49.31,21.24,6.07
Meanvariance,66,1,g,100.0,98.83,82.6,41.27,19.56,6.9
Meanvariance,66,2,r,100.0,98.13,80.85,49.31,21.24,6.07
MedianAbsDev,67,1,g,100.0,98.83,82.6,41.27,19.56,6.9
MedianAbsDev,67,2,r,100.0,98.13,80.85,49.31,21.24,6.07
MedianBRP,68,1,g,100.0,98.83,82.6,41.27,19.56,6.9
MedianBRP,68,2,r,100.0,98.13,80.85,49.31,21.24,6.07
Multiband_period,30,12,gr,93.68,73.09,47.86,21.31,5.5,0.83
PPE,31,12,gr,93.68,73.09,47.86,21.31,5.5,0.83
PairSlopeTrend,69,1,g,100.0,98.83,82.6,41.27,19.56,6.9
PairSlopeTrend,69,2,r,100.0,98.13,80.85,49.31,21.24,6.07
PercentAmplitude,70,1,g,100.0,98.83,82.6,41.27,19.56,6.9
PercentAmplitude,70,2,r,100.0,98.13,80.85,49.31,21.24,6.07
Period_band,32,1,g,94.91,77.47,54.88,29.43,12.76,3.62
Period_band,32,2,r,95.27,78.76,56.6,35.61,15.2,5.52
Power_rate_1/2,36,12,gr,93.68,73.09,47.86,21.31,5.5,0.83
Power_rate_1/3,35,12,gr,93.68,73.09,47.86,21.31,5.5,0.83
Power_rate_1/4,34,12,gr,93.68,73.09,47.86,21.31,5.5,0.83
Power_rate_2,37,12,gr,93.68,73.09,47.86,21.31,5.5,0.83
Power_rate_3,38,12,gr,93.68,73.09,47.86,21.31,5.5,0.83
Power_rate_4,39,12,gr,93.68,73.09,47.86,21.31,5.5,0.83
Psi_CS,40,1,g,99.61,92.6,71.26,39.5,16.2,6.11
Psi_CS,40,2,r,99.68,94.83,75.27,45.03,16.96,5.04
Psi_eta,41,1,g,99.61,92.6,71.26,39.5,16.2,6.11
Psi_eta,41,2,r,99.68,94.83,75.27,45.03,16.96,5.04
Pvar,77,1,g,100.0,98.83,82.6,41.27,19.56,6.9
Pvar,77,2,r,100.0,98.13,80.85,49.31,21.24,6.07
Q31,71,1,g,100.0,98.83,82.6,41.27,19.56,6.9
Q31,71,2,r,100.0,98.13,80.85,49.31,21.24,6.07
Rcs,72,1,g,100.0,98.83,82.6,41.27,19.56,6.9
Rcs,72,2,r,100.0,98.13,80.85,49.31,21.24,6.07
SF_ML_amplitude,79,1,g,100.0,98.83,82.6,41.27,19.56,6.9
SF_ML_amplitude,79,2,r,100.0,98.13,80.85,49.31,21.24,6.07
SF_ML_gamma,80,1,g,100.0,98.83,82.6,41.27,19.56,6.9
SF_ML_gamma,80,2,r,100.0,98.13,80.85,49.31,21.24,6.07
SPM_A,83,1,g,22.09,7.95,4.88,3.07,2.29,0.83
SPM_A,83,2,r,21.14,11.05,7.25,9.08,5.81,3.27
SPM_beta,86,1,g,22.09,7.95,4.88,3.07,2.29,0.83
SPM_beta,86,2,r,21.14,11.05,7.25,9.08,5.81,3.27
SPM_chi,89,1,g,66.94,43.07,24.68,9.42,4.05,0.99
SPM_chi,89,2,r,68.03,44.43,25.63,16.03,7.72,3.7
SPM_gamma,85,1,g,22.09,7.95,4.88,3.07,2.29,0.83
SPM_gamma,85,2,r,21.14,11.05,7.25,9.08,5.81,3.27
SPM_mjd_ref,90,0,-,0.0,0.0,0.0,0.0,0.0,0.0
SPM_t0,84,1,g,22.09,7.95,4.88,3.07,2.29,0.83
SPM_t0,84,2,r,21.14,11.05,7.25,9.08,5.81,3.27
SPM_tau_fall,88,1,g,22.09,7.95,4.88,3.07,2.29,0.83
SPM_tau_fall,88,2,r,21.14,11.05,7.25,9.08,5.81,3.27
SPM_tau_rise,87,1,g,22.09,7.95,4.88,3.07,2.29,0.83
SPM_tau_rise,87,2,r,21.14,11.05,7.25,9.08,5.81,3.27
Skew,73,1,g,100.0,98.83,82.6,41.27,19.56,6.9
Skew,73,2,r,100.0,98.13,80.85,49.31,21.24,6.07
SmallKurtosis,74,1,g,100.0,98.83,82.6,41.27,19.56,6.9
SmallKurtosis,74,2,r,100.0,98.13,80.85,49.31,21.24,6.07
Std,75,1,g,100.0,98.83,82.6,41.27,19.56,6.9
Std,75,2,r,100.0,98.13,80.85,49.31,21.24,6.07
StetsonK,76,1,g,100.0,98.83,82.6,41.27,19.56,6.9
StetsonK,76,2,r,100.0,98.13,80.85,49.31,21.24,6.07
TDE_decay,91,1,g,46.17,18.8,9.17,4.11,2.52,0.83
TDE_decay,91,2,r,42.37,19.39,10.49,10.29,6.26,3.31
TDE_decay_chi,92,1,g,92.66,85.17,74.03,52.77,36.29,13.99
TDE_decay_chi,92,2,r,90.32,81.3,69.04,52.9,35.68,15.17
TDE_mag0,93,1,g,46.17,18.8,9.17,4.11,2.52,0.83
TDE_mag0,93,2,r,42.37,19.39,10.49,10.29,6.26,3.31
TDE_mjd_ref,94,1,g,46.17,18.8,9.17,4.11,2.52,0.83
TDE_mjd_ref,94,2,r,42.37,19.39,10.49,10.29,6.26,3.31
Timespan,123,0,-,0.0,0.0,0.0,0.0,0.0,0.0
W1-W2,4,0,-,24.95,10.04,14.58,17.93,18.03,15.37
W2-W3,5,0,-,24.95,10.04,14.58,17.93,18.03,15.37
W3-W4,6,0,-,24.95,10.04,14.58,17.93,18.03,15.37
color_variation,101,12,gr,92.4,79.01,65.93,48.83,30.25,9.38
dbrightness_first_det_band,104,1,g,87.13,91.71,93.15,94.73,96.87,99.57
dbrightness_first_det_band,104,2,r,87.45,93.0,93.4,95.12,96.79,99.53
dbrightness_forced_phot_band,105,1,g,87.13,91.71,93.15,94.73,96.87,99.57
dbrightness_forced_phot_band,105,2,r,87.45,93.0,93.4,95.12,96.79,99.53
delta_period,33,1,g,94.91,77.47,54.88,29.43,12.76,3.62
delta_period,33,2,r,95.27,78.76,56.6,35.61,15.2,5.52
distpsnr1,16,0,-,0.25,0.0,0.03,0.04,0.0,0.0
fleet_a,95,1,g,79.42,62.44,50.08,39.46,25.13,18.36
fleet_a,95,2,r,80.01,63.54,51.18,44.43,30.86,22.38
fleet_chi,97,1,g,83.62,67.62,55.25,42.18,26.97,19.58
fleet_chi,97,2,r,84.18,69.0,55.81,47.67,32.62,23.01
fleet_m0,98,1,g,79.42,62.44,50.08,39.46,25.13,18.36
fleet_m0,98,2,r,80.01,63.54,51.18,44.43,30.86,22.38
fleet_mjd_ref,100,1,g,79.42,62.44,50.08,39.46,25.13,18.36
fleet_mjd_ref,100,2,r,80.01,63.54,51.18,44.43,30.86,22.38
fleet_t0,99,1,g,79.42,62.44,50.08,39.46,25.13,18.36
fleet_t0,99,2,r,80.01,63.54,51.18,44.43,30.86,22.38
fleet_w,96,1,g,79.42,62.44,50.08,39.46,25.13,18.36
fleet_w,96,2,r,80.01,63.54,51.18,44.43,30.86,22.38
g-W1,7,0,-,50.99,27.96,27.1,27.36,24.83,19.03
g-W2,9,0,-,50.99,27.96,27.1,27.36,24.83,19.03
g-W3,11,0,-,50.99,27.96,27.1,27.36,24.83,19.03
g-W4,13,0,-,50.99,27.96,27.1,27.36,24.83,19.03
g-r_max,1,12,gr,79.9,52.64,38.64,27.74,16.27,7.72
g-r_max_corr,3,12,gr,81.29,53.21,40.07,29.13,18.03,8.55
g-r_mean,0,12,gr,79.9,52.64,38.64,27.74,16.27,7.72
g-r_mean_corr,2,12,gr,81.29,53.21,40.07,29.13,18.03,8.55
last_brightness_before_band,106,1,g,77.07,87.61,90.27,93.22,96.26,99.53
last_brightness_before_band,106,2,r,76.16,87.54,89.93,93.26,95.8,99.49
max_brightness_after_band,110,1,g,68.86,33.06,21.24,14.78,9.4,4.69
max_brightness_after_band,110,2,r,67.12,30.73,21.49,20.79,14.82,7.45
max_brightness_before_band,107,1,g,77.07,87.61,90.27,93.22,96.26,99.53
max_brightness_before_band,107,2,r,76.16,87.54,89.93,93.26,95.8,99.49
mean_chinr,122,12,gr,11.0,1.68,1.78,0.99,0.46,0.04
mean_distnr,119,12,gr,9.51,0.86,0.93,0.35,0.31,0.0
mean_sharpnr,121,12,gr,11.0,1.68,1.78,0.99,0.46,0.04
median_brightness_after_band,111,1,g,68.86,33.06,21.24,14.78,9.4,4.69
median_brightness_after_band,111,2,r,67.12,30.73,21.49,20.79,14.82,7.45
median_brightness_before_band,108,1,g,77.07,87.61,90.27,93.22,96.26,99.53
median_brightness_before_band,108,2,r,76.16,87.54,89.93,93.26,95.8,99.49
n_forced_phot_band_after,109,1,g,51.87,28.65,19.29,14.43,9.32,4.69
n_forced_phot_band_after,109,2,r,49.76,27.88,20.7,20.57,14.74,7.45
n_forced_phot_band_before,103,1,g,51.87,28.65,19.29,14.43,9.32,4.69
n_forced_phot_band_before,103,2,r,49.76,27.88,20.7,20.57,14.74,7.45
positive_fraction,102,1,g,39.2,21.61,16.47,11.5,7.72,4.06
positive_fraction,102,2,r,41.85,31.6,22.9,17.33,9.01,3.66
ps_g-r,17,0,-,9.66,2.25,3.19,4.75,5.12,1.65
ps_i-z,19,0,-,4.33,1.41,1.86,3.28,3.44,0.95
ps_r-i,18,0,-,5.18,1.62,2.37,3.85,3.97,1.46
r-W1,8,0,-,56.69,38.55,33.78,32.45,25.67,18.72
r-W2,10,0,-,56.69,38.55,33.78,32.45,25.67,18.72
r-W3,12,0,-,56.69,38.55,33.78,32.45,25.67,18.72
r-W4,14,0,-,56.69,38.55,33.78,32.45,25.67,18.72
sgscore1,15,0,-,0.25,0.0,0.03,0.04,0.0,0.0
sigma_distnr,120,12,gr,32.05,6.17,2.68,0.82,0.31,0.0
ulens_chi,115,1,g,68.61,37.26,22.0,11.37,6.72,2.48
ulens_chi,115,2,r,68.84,38.34,23.04,16.51,9.47,4.06
ulens_fs,114,1,g,66.09,33.66,19.4,10.11,6.34,2.44
ulens_fs,114,2,r,65.86,34.34,20.16,15.6,9.17,3.98
ulens_mag0,117,1,g,66.09,33.66,19.4,10.11,6.34,2.44
ulens_mag0,117,2,r,65.86,34.34,20.16,15.6,9.17,3.98
ulens_mjd_ref,118,0,-,60.76,24.91,10.66,3.93,2.29,0.35
ulens_t0,116,1,g,66.09,33.66,19.4,10.11,6.34,2.44
ulens_t0,116,2,r,65.86,34.34,20.16,15.6,9.17,3.98
ulens_tE,113,1,g,66.09,33.66,19.4,10.11,6.34,2.44
ulens_tE,113,2,r,65.86,34.34,20.16,15.6,9.17,3.98
ulens_u0,112,1,g,66.09,33.66,19.4,10.11,6.34,2.44
ulens_u0,112,2,r,65.86,34.34,20.16,15.6,9.17,3.98
