oid,oid_kept
169298433217659194,169355603113673258
169355602459885660,169355602858869595
169355602579423428,169355602858869595
169355602459885660,169355602728321262
169342390938632206,169355602712592487
169342391093297169,169355602712592487
169342390691692677,169355602712592487
169355602728321262,169355602459885660
169342390837444651,169342391933206625
169342391106404453,169342391933206625
169342390707945539,169342391933206625
169342391131046160,169342391535796286
169342391399481686,169342391535796286
169623885894909970,169342391535796286
169342391330275369,169342391467114602
169566723312189484,169342391467114602
169342390793928766,169342391215980573
169342391215980573,169342390793928766
169342391109550167,169302854946258993
169298432604766256,169298433030488110
169355602536955935,169298433026818070
169298433030488110,169298432604766256
169549125705007150,169549125839224881
169549125839224881,169549125705007150
169364386922102813,169364387413360656
169623886032797708,169355602825839424
169342392489476594,169342393025822797
169342392489476594,169342392891080939
169342392606392477,169342392891080939
169342393025822797,169342392740610506
169342392740610506,169342392606392477
169342392891080939,169342392606392477
169342393025822797,169342392489476594
169342390861037593,169342391548903430
169342391667916814,169342391376412685
169342391107977263,169342391376412685
169342390922379340,169342391330275362
169342391210737699,169342391330275362
169342391548903430,169342391282565122
169342391398432778,169342391282565122
169342390793928803,169342391215980621
169342390922379340,169342391210737699
169342391330275362,169342391210737699
169342390953312266,169342391107977263
169342391376412685,169342391107977263
169342390788685912,169342391058169943
169342390661283855,169342390922379340
169342391548903430,169342390861037593
169342391215980621,169342390793928803
169342391058169943,169342390788685912
169342390972711030,169342390728917123
169342391127376019,169342390728917123
169342391395287115,169342390728917123
169342391263690893,169342390728917123
169342390922379340,169342390661283855
169566726346768399,169566726232997905
169562329391300630,169562329122340918
169562328988647467,169562329122340918
169562328987074772,169562329120768242
169562329120768242,169562328987074772
169562329101893682,169562328967675927
169562329096650826,169562328962433081
169342391229612056,169364382652825652
169342390675439674,169364382652825652
169342391073898501,169364382652825652
169355603648970877,169355606329656090
169342394429342156,169355606329656090
169342391510106715,169355603336496567
169342391351247005,169355603336496567
169342391882350755,169355603215910140
169355603513180177,169355602994135063
169355603647922716,169355602994135063
169355602437865551,169355602706825286
169355605926477959,169355602684280998
169342390674391046,169355602684280998
169342391105880122,169355602534334739
169342390970089500,169355602534334739
169355602706825286,169355602437865551
169355603648970877,169342394429342156
169355606329656090,169342394429342156
169342392961335367,169342393522323465
169342392950849557,169342393353502786
169342393353502786,169342393206177934
169342392530894941,169342393206177934
169342393353502786,169342392950849557
169342393522323465,169342392827641860
169342391907516588,169342392044355726
169355603215910140,169342391882350755
169342390831677454,169342391777493163
169342391606575255,169342391726112902
169342391502242103,169342391654285590
169342390940205190,169342391634886885
169342391479697515,169342391634886885
169342391201824913,169342391606575255
169342391654285590,169342391502242103
169342391081763083,169342391489658978
169342391074422879,169342391478124637
169342390831677504,169342391372742899
169342391104307473,169342391372742899
169342390968516999,169342391372742899
169342391104307307,169342391369072641
169342390828531721,169342391368024079
169342390963798118,169342391368024079
169342391510106715,169342391351247005
169355603336496567,169342391351247005
169342390799171866,169342391338664303
169342390936010906,169342391338664303
169342390920806503,169342391327129699
169342391207591953,169342391327129610
169342391210737715,169342391326605374
169342391609196614,169342391323459595
169342390919233624,169342391323459595
169355603198608207,169342391240098241
169342390803365947,169342391228563518
169342391882350802,169342391212311390
169342390790258764,169342391212311390
169342390786064514,169342391208116323
169342390672818285,169342391208116323
169342391058694206,169342391208116228
169342391070752854,169342391207592021
169342391057645707,169342391206543453
169342390657089643,169342391206543453
169342391876059370,169342391206019242
169342390919233585,169342391206019197
169342391606575255,169342391201824913
169342390783442963,169342391192912312
169342390650798447,169342391188194012
169342390947021014,169342391103258632
169342391253205073,169342391101161524
169342390674391063,169342391074947145
169342390802317394,169342391074947145
169342390925000769,169342391074947132
169342390672818305,169342391074422878
169342391208116340,169342391074422878
169342390801793122,169342391074422878
169342390924476443,169342391074422817
169342391229612056,169342391073898501
169342390675439674,169342391073898501
169364382652825652,169342391073898501
169342390674915440,169342391073374225
169342391327129699,169342391070752902
169342390801268830,169342391070752902
169342391207592021,169342391070752854
169342391326081133,169342391059218552
169342390786588782,169342391059218552
169342390657089653,169342391059218552
169342391880253625,169342391059218552
169342390786588764,169342391059218529
169342390656565614,169342391058694234
169342391325556889,169342391058694234
169342391327129610,169342391058694216
169342391208116228,169342391058694206
169342391461871715,169342391055024223
169342391207591945,169342391055024223
169342391726112902,169342391053975651
169342391320838274,169342391053975651
169342390833252102,169342390970090559
169342391258448349,169342390970089500
169342390704275563,169342390970089500
169342390684353094,169342390947021060
169342391103258632,169342390947021014
169342390809657474,169342390946496648
169342391082287140,169342390946496529
169342390809657362,169342390946496529
169342390808084537,169342390944923691
169342390808084493,169342390944923655
169342390678585444,169342390944923655
169342391228563566,169342390940205190
169342390674915440,169342390937583636
169342391340236842,169342390937583636
169342390800744520,169342390937583636
169342391071801617,169342390936010906
169342391338664303,169342390936010906
169342390661283929,169342390927622170
169342390790783008,169342390927622170
169342391074947132,169342390925000769
169342391208116347,169342390924476520
169342390801793130,169342390924476520
169342391074422817,169342390924476443
169342390672293982,169342390922903729
169342391327129699,169342390920806503
169342390673342538,169342390920806443
169342394429342156,169342390920806443
169342391207591957,169342390919233624
169342391055024231,169342390919233624
169342390785540117,169342390919233540
169342391058694159,169342390919233540
169342390667575484,169342390918185145
169342390723674152,169342390853173258
169342390970613846,169342390833774680
169342390728392708,169342390833774680
169342391777493163,169342390831677454
169342391103258632,169342390810181736
169342390701129737,169342390810181736
169342390946496648,169342390809657474
169342390680158271,169342390809657362
169342390946496529,169342390809657362
169342390944923691,169342390808084537
169342391076520408,169342390803890660
169342390674391127,169342390803890653
169342391228563518,169342390803365947
169298437882249291,169342390803365927
169342390674391063,169342390802317394
169342391074947145,169342390802317394
169342391208116347,169342390801793130
169342390924476520,169342390801793130
169342390920806503,169342390801268830
169342391070752902,169342390801268830
169342390673342538,169342390801268799
169342391331848208,169342390790783008
169342391063412788,169342390790783008
169342391211262342,169342390790782985
169342391059218529,169342390786588764
169342390922903610,169342390786064464
169342390672293905,169342390786064464
169342390970613846,169342390728392708
169342390833774680,169342390728392708
169342390853173258,169342390723674152
169342390828531797,169342390719479825
169342390961700948,169342390719479825
169342391364354134,169342390719479825
169355606584983630,169342390719479825
169342391105880122,169342390704275563
169342390970089500,169342390704275563
169342390829580420,169342390700081437
169342391253729294,169342390699556893
169342390963798108,169342390699556893
169355603385253971,169342390699556893
169342390947021060,169342390684353094
169342391082811411,169342390680682510
169342390945448064,169342390680682510
169342391349674038,169342390680682510
169355603893813438,169342390675963920
169342391229612056,169342390675439674
169342390804414483,169342390675439674
169342391073374225,169342390674915440
169342390803890653,169342390674391127
169342391075995696,169342390674391114
169342390802317377,169342390674391046
169355602684280998,169342390674391046
169342390801268799,169342390673342538
169342391058694249,169342390672818285
169342391208116323,169342390672818285
169342390922903729,169342390672293982
169342391327129606,169342390672293905
169342390786064464,169342390672293905
169342391201300819,169342390667575479
169342391331849418,169342390661284183
169342391212311388,169342390661284183
169342391326605374,169342390660759606
169342390787113158,169342390657614738
169342390786064495,169342390657089659
169342391326081119,169342390657089643
169342391206543453,169342390657089643
169342391464493186,169342390657089641
169342390919233641,169342390656565614
169342390784491790,169342390656565252
169342390921330896,169342390656565252
169342391203922055,169342390654468886
169342391052927108,169342390654468886
169342391188194012,169342390650798447
169342391485988942,169302854045532161
169342392043307092,169302854045532161
169342390803365927,169298437882249291
169342392843894862,169566723953393667
169364385054589006,169355603598640183
169342391498571848,169342394478624795
169562329369280585,169562329523421274
169562329549635593,169562329417515026
169562328209555491,169562328343773213
169342391683645515,169368778336894999
169364387419127825,169364386924199954
169359995942469702,169359995995947078
169359996156903495,169359995916779536
169355603756449943,169355603868647543
169355602997805212,169355602579423428
169342394590822805,169342393673318480
169355603456557184,169342393121243663
169593097350545457,169342392425512996
169342391280468727,169342392425512996
169342391131046160,169342391399481686
169342391676830590,169342391141007739
169355602671173751,169342390991585329
169342391657431046,169342390963273894
169342391117938908,169342390963273894
169355604441694776,169342390962225188
169593097509404679,169342392159174767
169342391228563566,169342391479697515
169566724091281508,169342391346528484
169342391206019210,169342391321886903
169342390671769650,169342391321886903
169342390831677504,169342391104307473
169342390702178371,169342391104307307
169342391224894139,169342391072850318
169342391626498934,169342391072850318
169342391331848208,169342391063412788
169342390656565512,169342391058694159
169342391509582141,169342390968516999
169342391104307473,169342390968516999
169342390828531721,169342390963798118
169342391253729294,169342390963798108
169342390801268826,169342390920806483
169342390724199444,169342390832726529
169342391660577603,169342390832726529
169342390943875870,169342390829580420
169342391346004160,169342390825386514
169342391098015959,169342390825386514
169342390943350919,169342390825386514
169342390920806483,169342390801268826
169342391229087797,169342390800744520
169342391340236842,169342390800744520
169342391104307307,169342390702178371
169342391235903597,169342390700605537
169342391905943728,169342390700605537
169342391232757938,169342390678585444
169342391080714325,169342390678585444
169342391210213517,169342390657089653
169342390786588782,169342390657089653
169342390718956247,169342392598528037
169342392598528037,169342390718956247
169557919450267674,169575528663089156
169355603216433427,169575528663089156
169364391030948024,169364390818611357
169355603482247907,169355603216433427
169355603351175574,169355603216433427
169364382297358382,169355602848383085
169355602539053225,169355602804867724
169355603366379947,169355602804867724
169342391816290352,169355602804867724
169342391482319364,169342394565656577
169623886102003727,169342393535955956
169342391394238482,169342391816290352
169355603366379947,169342391816290352
169355602804867724,169342391816290352
169355602395398209,169342391509582427
169342390847406371,169342391116365873
169575528742780962,169342390966943794
169342390699556900,169342390963798120
169593097352118365,169342390838493241
169623877927829518,169342390838493241
169593097301262543,169342390744645637
169342391263690758,169342390707945539
169342390963798120,169342390699556900
169342390938632206,169342390691692677
169342391341285401,169342390691692677
169342393815400516,169302854145146915
169355603897483402,169302853934383116
169302853103910941,169302853752455193
169302853752455193,169302853103910941
169368781150748683,169298438127091747
169298436938530841,169298437451808787
169355602795954295,169298437451808787
169342390972711030,169342391127376019
169562329019056170,169562329152749643
169562329152749643,169562329019056170
169355603375816919,169355603756974286
169355603396263980,169355603647922716
169342391485988942,169342392043307092
169342391323459829,169342392014471554
169342391228039263,169342391748132979
169342391077569179,169342391636459972
169342392154457119,169342391613915247
169342391207591957,169342391609196614
169342391263690801,169342391374839862
169342390828531797,169342391364354134
169342391082811411,169342391349674038
169342391479697504,169342391342858334
169342391882874983,169342391342858334
169342391228563549,169342391342858334
169342390940205071,169342391342858281
169342392014471554,169342391323459829
169342391374839862,169342391263690801
169342390827483268,169342391252156578
169342391071801790,169342391227515043
169342391063413252,169342391212311388
169342391461871715,169342391207591945
169342391258448349,169342391105880122
169342391484941135,169342391078093423
169342390942302693,169342391078093423
169342391636459972,169342391077569179
169342390940205098,169342391075995696
169342391227515043,169342391071801790
169342391326081119,169342391057645707
169342390828531785,169342390965370927
169342391233807349,169342390942302693
169342391078093423,169342390942302693
169342391075995696,169342390940205098
169342391330275367,169342390926050043
169342391614963827,169342390925000865
169342391204971145,169342390921330896
169342390965370927,169342390828531785
169342391252156578,169342390827483268
169342391059742807,169342390790258853
169342391882350802,169342390790258764
169342390919233594,169342390671769650
169342397140959467,169364386565587098
169342391880777745,169364382919163951
169342391754424392,169364382002708518
169364386565587098,169342397140959467
169364382002708518,169342391754424392
169342390718956068,169593097308603180
169566725985009742,169566726119227477
169566726119227477,169566725985009742
169522733329678379,169566723528720391
169562326415441955,169566723388211204
169562326415441955,169562326550708263
169562326550708263,169562326415441955
169364382424760441,169562325727576067
169522747198144554,169522747678392768
169522747678392768,169522747198144554
169566723528720391,169522733329678379
169368789886435447,169368790336798813
169368790336798813,169368789886435447
169368789760082025,169368789837152263
169368789837152263,169368789760082025
169368789130936369,169368789345370276
169368789345370276,169368789130936369
169368786612256913,169368787180060785
169368786589188452,169368787155419243
169368787180060785,169368786612256913
169368787155419243,169368786589188452
169368783977185379,169368784431743214
169368784108257339,169368784297525279
169368784297525279,169368784108257339
169368784431743214,169368783977185379
169368783239512226,169368783856599207
169368783856599207,169368783239512226
169342391193961085,169368781094649859
169368775210565698,169368775495254118
169368775170719863,169368775386726461
169368775495254118,169368775210565698
169368775386726461,169368775170719863
169364393025339517,169364393581084751
169364393165848664,169364393568501839
169364393144877185,169364393547530360
169364393135439900,169364393536520243
169364393126002771,169364393529180261
169364393115516933,169364393516597371
169364393025339517,169364393176858755
169364393568501839,169364393165848664
169364393547530360,169364393144877185
169364393536520243,169364393135439900
169364393529180261,169364393126002771
169364393516597371,169364393115516933
169364393176858755,169364393025339517
169342395375157253,169364391226507471
169364385944305671,169364385997783075
169364385997783075,169364385944305671
169364382297358382,169364382698438713
169562325727576067,169364382424760441
169364382698438713,169364382297358382
169342391908565062,169364381026484373
169342393906626561,169355604534493248
169355602539053225,169355603366379947
169355602539053225,169355603074351128
169298436938530841,169355602795954295
169355603074351128,169355602539053225
169342395146567921,169342395491549416
169364391226507471,169342395375157253
169342395491549416,169342395146567921
169355604534493248,169342393906626561
169302854820954212,169342392411881946
169342391394238482,169342391947362349
169364381026484373,169342391908565062
169342390847406371,169342391521116971
169342391947362349,169342391394238482
169342390938632206,169342391341285401
169368781094649859,169342391193961085
169342390938632206,169342391093297169
169342390718956068,169342390961177993
169342391521116971,169342390847406371
169342390961177993,169342390718956068
169342392411881946,169302854820954212
169566725686166691,169566725820384322
169566725820384322,169566725686166691
169368789191229614,169368789452849187
169368789452849187,169368789191229614
169355603377389743,169355603645300913
169355603489587491,169355603645300913
169355603085361468,169355603489587491
169355603645300913,169355603489587491
169355603085361468,169355603377389743
169355602973687974,169355603237929111
169355603377389743,169355603085361468
169355603237929111,169355602973687974
169342391331849344,169355602547442311
169342391614963827,169342392150786175
169342390966420562,169342392065852867
169342391751802991,169342392020238462
169364382919163951,169342391880777745
169342390923427960,169342391880253625
169342392020238462,169342391751802991
169342391081763083,169342391641702452
169342392150786175,169342391614963827
169342391233807349,169342391484941135
169342391228563554,169342391479697508
169342390801793140,169342391342858326
169355602547442311,169342391331849344
169342391206019156,169342391325556807
169342391484941135,169342391233807349
169342391479697508,169342391228563554
169342391748132989,169342391228563549
169342391882874983,169342391228563549
169342390801793140,169342391228563541
169342390674915340,169342391227515000
169342391058694242,169342391206543474
169342390919233594,169342391206019210
169342391325556807,169342391206019156
169342391641702452,169342391081763083
169342391479697508,169342391075995657
169342390923952576,169342391059742807
169342391206543474,169342391058694242
169342392065852867,169342390966420562
169342391346004160,169342390943350919
169342391059742807,169342390923952576
169342391206019210,169342390919233594
169342391228563541,169342390801793140
169342391326081133,169342390786588782
169342391227515000,169342390674915340
169342390700605537,169342391905943728
169342391610245251,169342390936011001
169342390936011001,169342391610245251
169342391395287115,169342391263690893
