classifier_id,class_name,n_det_bin,n,n_full,stratum
5,AGN,16-31,442,7072,8+
5,AGN,2-3,797,12752,2-3
5,AGN,32-63,419,6704,8+
5,AGN,4-7,693,11088,4-7
5,AGN,64+,1016,16256,8+
5,AGN,8-15,573,9168,8+
5,Blazar,16-31,326,5216,8+
5,Blazar,2-3,536,8576,2-3
5,Blazar,32-63,275,4400,8+
5,Blazar,4-7,385,6160,4-7
5,Blazar,64+,716,11456,8+
5,Blazar,8-15,336,5376,8+
5,CEP,16-31,1160,18560,8+
5,CEP,2-3,27156,434496,2-3
5,CEP,32-63,448,7168,8+
5,CEP,4-7,16929,270864,4-7
5,CEP,64+,1138,18208,8+
5,CEP,8-15,4941,79056,8+
5,CV/Nova,16-31,13185,210960,8+
5,CV/Nova,2-3,74725,1195600,2-3
5,CV/Nova,32-63,5983,95728,8+
5,CV/Nova,4-7,56887,910192,4-7
5,CV/Nova,64+,4692,75072,8+
5,CV/Nova,8-15,34043,544688,8+
5,DSCT,16-31,662,10592,8+
5,DSCT,2-3,7269,116304,2-3
5,DSCT,32-63,436,6976,8+
5,DSCT,4-7,5355,85680,4-7
5,DSCT,64+,927,14832,8+
5,DSCT,8-15,1736,27776,8+
5,EA,16-31,3212,51392,8+
5,EA,2-3,29644,474304,2-3
5,EA,32-63,2131,34096,8+
5,EA,4-7,24153,386448,4-7
5,EA,64+,4657,74512,8+
5,EA,8-15,9225,147600,8+
5,EB/EW,16-31,881,14096,8+
5,EB/EW,2-3,2466,39456,2-3
5,EB/EW,32-63,1068,17088,8+
5,EB/EW,4-7,1908,30528,4-7
5,EB/EW,64+,8221,131536,8+
5,EB/EW,8-15,1170,18720,8+
5,LPV,16-31,5840,93440,8+
5,LPV,2-3,3181,50896,2-3
5,LPV,32-63,5819,93104,8+
5,LPV,4-7,4642,74272,4-7
5,LPV,64+,19070,305120,8+
5,LPV,8-15,5543,88688,8+
5,Microlensing,16-31,566,9056,8+
5,Microlensing,2-3,3274,52384,2-3
5,Microlensing,32-63,393,6288,8+
5,Microlensing,4-7,1631,26096,4-7
5,Microlensing,64+,587,9392,8+
5,Microlensing,8-15,873,13968,8+
5,Periodic-Other,16-31,7324,117184,8+
5,Periodic-Other,2-3,249464,3991424,2-3
5,Periodic-Other,32-63,3425,54800,8+
5,Periodic-Other,4-7,152500,2440000,4-7
5,Periodic-Other,64+,5539,88624,8+
5,Periodic-Other,8-15,37868,605888,8+
5,QSO,16-31,2007,32112,8+
5,QSO,2-3,1316,21056,2-3
5,QSO,32-63,2125,34000,8+
5,QSO,4-7,1746,27936,4-7
5,QSO,64+,5811,92976,8+
5,QSO,8-15,2031,32496,8+
5,RRLab,16-31,506,8096,8+
5,RRLab,2-3,3002,48032,2-3
5,RRLab,32-63,346,5536,8+
5,RRLab,4-7,1943,31088,4-7
5,RRLab,64+,3390,54240,8+
5,RRLab,8-15,1135,18160,8+
5,RRLc,16-31,245,3920,8+
5,RRLc,2-3,1605,25680,2-3
5,RRLc,32-63,259,4144,8+
5,RRLc,4-7,567,9072,4-7
5,RRLc,64+,2211,35376,8+
5,RRLc,8-15,218,3488,8+
5,RSCVn,16-31,8181,130896,8+
5,RSCVn,2-3,53221,851536,2-3
5,RSCVn,32-63,7092,113472,8+
5,RSCVn,4-7,36651,586416,4-7
5,RSCVn,64+,15991,255856,8+
5,RSCVn,8-15,15118,241888,8+
5,SESN,16-31,70,1120,8+
5,SESN,2-3,335,5360,2-3
5,SESN,32-63,27,432,8+
5,SESN,4-7,76,1216,4-7
5,SESN,64+,13,208,8+
5,SESN,8-15,135,2160,8+
5,SLSN,16-31,280,4480,8+
5,SLSN,2-3,72110,1153760,2-3
5,SLSN,32-63,98,1568,8+
5,SLSN,4-7,2270,36320,4-7
5,SLSN,64+,36,576,8+
5,SLSN,8-15,1338,21408,8+
5,SNIa,16-31,493,7888,8+
5,SNIa,2-3,4863,77808,2-3
5,SNIa,32-63,201,3216,8+
5,SNIa,4-7,627,10032,4-7
5,SNIa,64+,72,1152,8+
5,SNIa,8-15,662,10592,8+
5,SNII,16-31,450,7200,8+
5,SNII,2-3,14589,233424,2-3
5,SNII,32-63,261,4176,8+
5,SNII,4-7,1550,24800,4-7
5,SNII,64+,163,2608,8+
5,SNII,8-15,1298,20768,8+
5,SNIIn,16-31,238,3808,8+
5,SNIIn,2-3,15345,245520,2-3
5,SNIIn,32-63,118,1888,8+
5,SNIIn,4-7,1033,16528,4-7
5,SNIIn,64+,112,1792,8+
5,SNIIn,8-15,539,8624,8+
5,TDE,16-31,133,2128,8+
5,TDE,2-3,1265,20240,2-3
5,TDE,32-63,39,624,8+
5,TDE,4-7,571,9136,4-7
5,TDE,64+,27,432,8+
5,TDE,8-15,295,4720,8+
5,YSO,16-31,9305,148880,8+
5,YSO,2-3,15153,242448,2-3
5,YSO,32-63,6928,110848,8+
5,YSO,4-7,13505,216080,4-7
5,YSO,64+,7608,121728,8+
5,YSO,8-15,11882,190112,8+
6,Periodic,16-31,43615,697840,8+
6,Periodic,2-3,434261,6948176,2-3
6,Periodic,32-63,28903,462448,8+
6,Periodic,4-7,301051,4816816,4-7
6,Periodic,64+,66745,1067920,8+
6,Periodic,8-15,113422,1814752,8+
6,Stochastic,16-31,9722,155552,8+
6,Stochastic,2-3,21946,351136,2-3
6,Stochastic,32-63,7985,127760,8+
6,Stochastic,4-7,15174,242784,4-7
6,Stochastic,64+,14642,234272,8+
6,Stochastic,8-15,11581,185296,8+
6,Transient,16-31,2065,33040,8+
6,Transient,2-3,122660,1962560,2-3
6,Transient,32-63,924,14784,8+
6,Transient,4-7,8103,129648,4-7
6,Transient,64+,543,8688,8+
6,Transient,8-15,5522,88352,8+
