feature_id,feature_name,band,version,n,n_null,n_objects,present_pct,nan_pct
20,MHPS_ratio,1,1,53322,0,603540,8.834874241972363,91.16512575802764
22,MHPS_high,1,1,53322,0,603540,8.834874241972363,91.16512575802764
21,MHPS_low,1,1,53322,0,603540,8.834874241972363,91.16512575802764
23,MHPS_non_zero,1,1,53322,0,603540,8.834874241972363,91.16512575802764
24,MHPS_PN_flag,1,1,53322,0,603540,8.834874241972363,91.16512575802764
27,MHPS_high_30,1,1,53330,0,603540,8.83619975478013,91.16380024521987
26,MHPS_low_365,1,1,53330,0,603540,8.83619975478013,91.16380024521987
25,MHPS_ratio_365_30,1,1,53330,0,603540,8.83619975478013,91.16380024521987
20,MHPS_ratio,2,1,56762,0,603540,9.40484474931239,90.59515525068761
22,MHPS_high,2,1,56762,0,603540,9.40484474931239,90.59515525068761
23,MHPS_non_zero,2,1,56762,0,603540,9.40484474931239,90.59515525068761
24,MHPS_PN_flag,2,1,56762,0,603540,9.40484474931239,90.59515525068761
21,MHPS_low,2,1,56762,0,603540,9.40484474931239,90.59515525068761
25,MHPS_ratio_365_30,2,1,56769,0,603540,9.406004573019187,90.59399542698081
26,MHPS_low_365,2,1,56769,0,603540,9.406004573019187,90.59399542698081
27,MHPS_high_30,2,1,56769,0,603540,9.406004573019187,90.59399542698081
105,dbrightness_forced_phot_band,2,1,59245,0,603540,9.816250787023229,90.18374921297678
104,dbrightness_first_det_band,2,1,59245,0,603540,9.816250787023229,90.18374921297678
104,dbrightness_first_det_band,1,1,60643,0,603540,10.047884150180602,89.95211584981939
105,dbrightness_forced_phot_band,1,1,60643,0,603540,10.047884150180602,89.95211584981939
72,Rcs,1,1,68444,0,603540,11.340424826854889,88.65957517314511
73,Skew,1,1,68444,0,603540,11.340424826854889,88.65957517314511
74,SmallKurtosis,1,1,68444,0,603540,11.340424826854889,88.65957517314511
75,Std,1,1,68444,0,603540,11.340424826854889,88.65957517314511
77,Pvar,1,1,68444,0,603540,11.340424826854889,88.65957517314511
78,ExcessVar,1,1,68444,0,603540,11.340424826854889,88.65957517314511
71,Q31,1,1,68444,0,603540,11.340424826854889,88.65957517314511
70,PercentAmplitude,1,1,68444,0,603540,11.340424826854889,88.65957517314511
69,PairSlopeTrend,1,1,68444,0,603540,11.340424826854889,88.65957517314511
68,MedianBRP,1,1,68444,0,603540,11.340424826854889,88.65957517314511
67,MedianAbsDev,1,1,68444,0,603540,11.340424826854889,88.65957517314511
66,Meanvariance,1,1,68444,0,603540,11.340424826854889,88.65957517314511
65,Mean,1,1,68444,0,603540,11.340424826854889,88.65957517314511
64,MaxSlope,1,1,68444,0,603540,11.340424826854889,88.65957517314511
63,Gskew,1,1,68444,0,603540,11.340424826854889,88.65957517314511
62,Eta_e,1,1,68444,0,603540,11.340424826854889,88.65957517314511
61,Con,1,1,68444,0,603540,11.340424826854889,88.65957517314511
60,Beyond1Std,1,1,68444,0,603540,11.340424826854889,88.65957517314511
59,Autocor_length,1,1,68444,0,603540,11.340424826854889,88.65957517314511
58,AndersonDarling,1,1,68444,0,603540,11.340424826854889,88.65957517314511
76,StetsonK,1,1,68444,0,603540,11.340424826854889,88.65957517314511
57,Amplitude,1,1,68444,0,603540,11.340424826854889,88.65957517314511
80,SF_ML_gamma,1,1,68444,0,603540,11.340424826854889,88.65957517314511
79,SF_ML_amplitude,1,1,68444,0,603540,11.340424826854889,88.65957517314511
82,LinearTrend,1,1,68444,0,603540,11.340424826854889,88.65957517314511
81,IAR_phi,1,1,68444,0,603540,11.340424826854889,88.65957517314511
64,MaxSlope,2,1,68762,0,603540,11.393113960963648,88.60688603903635
57,Amplitude,2,1,68762,0,603540,11.393113960963648,88.60688603903635
80,SF_ML_gamma,2,1,68762,0,603540,11.393113960963648,88.60688603903635
66,Meanvariance,2,1,68762,0,603540,11.393113960963648,88.60688603903635
81,IAR_phi,2,1,68762,0,603540,11.393113960963648,88.60688603903635
65,Mean,2,1,68762,0,603540,11.393113960963648,88.60688603903635
77,Pvar,2,1,68762,0,603540,11.393113960963648,88.60688603903635
69,PairSlopeTrend,2,1,68762,0,603540,11.393113960963648,88.60688603903635
62,Eta_e,2,1,68762,0,603540,11.393113960963648,88.60688603903635
61,Con,2,1,68762,0,603540,11.393113960963648,88.60688603903635
60,Beyond1Std,2,1,68762,0,603540,11.393113960963648,88.60688603903635
59,Autocor_length,2,1,68762,0,603540,11.393113960963648,88.60688603903635
58,AndersonDarling,2,1,68762,0,603540,11.393113960963648,88.60688603903635
82,LinearTrend,2,1,68762,0,603540,11.393113960963648,88.60688603903635
63,Gskew,2,1,68762,0,603540,11.393113960963648,88.60688603903635
68,MedianBRP,2,1,68762,0,603540,11.393113960963648,88.60688603903635
79,SF_ML_amplitude,2,1,68762,0,603540,11.393113960963648,88.60688603903635
70,PercentAmplitude,2,1,68762,0,603540,11.393113960963648,88.60688603903635
76,StetsonK,2,1,68762,0,603540,11.393113960963648,88.60688603903635
78,ExcessVar,2,1,68762,0,603540,11.393113960963648,88.60688603903635
75,Std,2,1,68762,0,603540,11.393113960963648,88.60688603903635
74,SmallKurtosis,2,1,68762,0,603540,11.393113960963648,88.60688603903635
73,Skew,2,1,68762,0,603540,11.393113960963648,88.60688603903635
67,MedianAbsDev,2,1,68762,0,603540,11.393113960963648,88.60688603903635
71,Q31,2,1,68762,0,603540,11.393113960963648,88.60688603903635
72,Rcs,2,1,68762,0,603540,11.393113960963648,88.60688603903635
29,GP_DRW_tau,1,1,78431,0,603540,12.995161878251649,87.00483812174835
28,GP_DRW_sigma,1,1,78431,0,603540,12.995161878251649,87.00483812174835
29,GP_DRW_tau,2,1,78789,0,603540,13.054478576399244,86.94552142360075
28,GP_DRW_sigma,2,1,78789,0,603540,13.054478576399244,86.94552142360075
41,Psi_eta,2,1,79537,0,603540,13.178414023925507,86.82158597607449
40,Psi_CS,2,1,79537,0,603540,13.178414023925507,86.82158597607449
41,Psi_eta,1,1,84479,0,603540,13.997249560923882,86.00275043907612
40,Psi_CS,1,1,84479,0,603540,13.997249560923882,86.00275043907612
108,median_brightness_before_band,1,1,103166,0,603540,17.093481790767804,82.90651820923219
107,max_brightness_before_band,1,1,103166,0,603540,17.093481790767804,82.90651820923219
106,last_brightness_before_band,1,1,103166,0,603540,17.093481790767804,82.90651820923219
92,TDE_decay_chi,1,1,107635,0,603540,17.833946383006925,82.16605361699308
107,max_brightness_before_band,2,1,108137,0,603540,17.917122311694335,82.08287768830567
108,median_brightness_before_band,2,1,108137,0,603540,17.917122311694335,82.08287768830567
106,last_brightness_before_band,2,1,108137,0,603540,17.917122311694335,82.08287768830567
92,TDE_decay_chi,2,1,123032,0,603540,20.38506147065646,79.61493852934353
43,Harmonics_chi,2,1,124010,0,603540,20.547105411406037,79.45289458859396
101,color_variation,12,1,124747,0,603540,20.66921827882162,79.33078172117838
32,Period_band,2,1,127420,0,603540,21.112105245716936,78.88789475428307
33,delta_period,2,1,127420,0,603540,21.112105245716936,78.88789475428307
43,Harmonics_chi,1,1,129903,0,603540,21.523511283427776,78.47648871657222
56,Harmonics_phase_7,2,1,130033,0,603540,21.545050866553996,78.45494913344601
49,Harmonics_mag_4,2,1,130033,0,603540,21.545050866553996,78.45494913344601
44,Harmonics_mag_1,2,1,130033,0,603540,21.545050866553996,78.45494913344601
45,Harmonics_mag_2,2,1,130033,0,603540,21.545050866553996,78.45494913344601
46,Harmonics_phase_2,2,1,130033,0,603540,21.545050866553996,78.45494913344601
47,Harmonics_mag_3,2,1,130033,0,603540,21.545050866553996,78.45494913344601
48,Harmonics_phase_3,2,1,130033,0,603540,21.545050866553996,78.45494913344601
42,Harmonics_mse,2,1,130033,0,603540,21.545050866553996,78.45494913344601
50,Harmonics_phase_4,2,1,130033,0,603540,21.545050866553996,78.45494913344601
53,Harmonics_mag_6,2,1,130033,0,603540,21.545050866553996,78.45494913344601
55,Harmonics_mag_7,2,1,130033,0,603540,21.545050866553996,78.45494913344601
51,Harmonics_mag_5,2,1,130033,0,603540,21.545050866553996,78.45494913344601
54,Harmonics_phase_6,2,1,130033,0,603540,21.545050866553996,78.45494913344601
52,Harmonics_phase_5,2,1,130033,0,603540,21.545050866553996,78.45494913344601
32,Period_band,1,1,133095,0,603540,22.05239089372701,77.94760910627299
33,delta_period,1,1,133095,0,603540,22.05239089372701,77.94760910627299
55,Harmonics_mag_7,1,1,135317,0,603540,22.420552076084434,77.57944792391557
49,Harmonics_mag_4,1,1,135317,0,603540,22.420552076084434,77.57944792391557
42,Harmonics_mse,1,1,135317,0,603540,22.420552076084434,77.57944792391557
56,Harmonics_phase_7,1,1,135317,0,603540,22.420552076084434,77.57944792391557
54,Harmonics_phase_6,1,1,135317,0,603540,22.420552076084434,77.57944792391557
50,Harmonics_phase_4,1,1,135317,0,603540,22.420552076084434,77.57944792391557
44,Harmonics_mag_1,1,1,135317,0,603540,22.420552076084434,77.57944792391557
47,Harmonics_mag_3,1,1,135317,0,603540,22.420552076084434,77.57944792391557
45,Harmonics_mag_2,1,1,135317,0,603540,22.420552076084434,77.57944792391557
51,Harmonics_mag_5,1,1,135317,0,603540,22.420552076084434,77.57944792391557
53,Harmonics_mag_6,1,1,135317,0,603540,22.420552076084434,77.57944792391557
48,Harmonics_phase_3,1,1,135317,0,603540,22.420552076084434,77.57944792391557
46,Harmonics_phase_2,1,1,135317,0,603540,22.420552076084434,77.57944792391557
52,Harmonics_phase_5,1,1,135317,0,603540,22.420552076084434,77.57944792391557
30,Multiband_period,12,1,151257,0,603540,25.06163634556119,74.9383636544388
31,PPE,12,1,151257,0,603540,25.06163634556119,74.9383636544388
34,Power_rate_1/4,12,1,151257,0,603540,25.06163634556119,74.9383636544388
39,Power_rate_4,12,1,151257,0,603540,25.06163634556119,74.9383636544388
35,Power_rate_1/3,12,1,151257,0,603540,25.06163634556119,74.9383636544388
36,Power_rate_1/2,12,1,151257,0,603540,25.06163634556119,74.9383636544388
37,Power_rate_2,12,1,151257,0,603540,25.06163634556119,74.9383636544388
38,Power_rate_3,12,1,151257,0,603540,25.06163634556119,74.9383636544388
97,fleet_chi,2,1,166199,0,603540,27.537362892268945,72.46263710773106
97,fleet_chi,1,1,172703,0,603540,28.61500480498393,71.38499519501607
95,fleet_a,2,1,191299,0,603540,31.696159326639492,68.30384067336051
96,fleet_w,2,1,191299,0,603540,31.696159326639492,68.30384067336051
98,fleet_m0,2,1,191299,0,603540,31.696159326639492,68.30384067336051
100,fleet_mjd_ref,2,1,191299,0,603540,31.696159326639492,68.30384067336051
99,fleet_t0,2,1,191299,0,603540,31.696159326639492,68.30384067336051
100,fleet_mjd_ref,1,1,197541,0,603540,32.73039069490009,67.26960930509992
96,fleet_w,1,1,197541,0,603540,32.73039069490009,67.26960930509992
99,fleet_t0,1,1,197541,0,603540,32.73039069490009,67.26960930509992
95,fleet_a,1,1,197541,0,603540,32.73039069490009,67.26960930509992
98,fleet_m0,1,1,197541,0,603540,32.73039069490009,67.26960930509992
3,g-r_max_corr,12,1,216856,0,603540,35.93067568015376,64.06932431984623
2,g-r_mean_corr,12,1,216856,0,603540,35.93067568015376,64.06932431984623
0,g-r_mean,12,1,223775,0,603540,37.07707856977168,62.92292143022832
1,g-r_max,12,1,223775,0,603540,37.07707856977168,62.92292143022832
89,SPM_chi,2,1,291151,0,603540,48.240547436789605,51.759452563210395
115,ulens_chi,2,1,294672,0,603540,48.823938761308284,51.176061238691716
89,SPM_chi,1,1,298611,0,603540,49.47658813003281,50.52341186996719
115,ulens_chi,1,1,298757,0,603540,49.500778738774564,50.499221261225436
110,max_brightness_after_band,1,1,302903,0,603540,50.18772575140007,49.81227424859993
111,median_brightness_after_band,1,1,302903,0,603540,50.18772575140007,49.81227424859993
111,median_brightness_after_band,2,1,308654,0,603540,51.14060377108394,48.85939622891606
110,max_brightness_after_band,2,1,308654,0,603540,51.14060377108394,48.85939622891606
114,ulens_fs,2,1,312058,0,603540,51.70460947078901,48.29539052921099
112,ulens_u0,2,1,312058,0,603540,51.70460947078901,48.29539052921099
117,ulens_mag0,2,1,312058,0,603540,51.70460947078901,48.29539052921099
113,ulens_tE,2,1,312058,0,603540,51.70460947078901,48.29539052921099
116,ulens_t0,2,1,312058,0,603540,51.70460947078901,48.29539052921099
113,ulens_tE,1,1,313896,0,603540,52.00914603837359,47.99085396162641
112,ulens_u0,1,1,313896,0,603540,52.00914603837359,47.99085396162641
116,ulens_t0,1,1,313896,0,603540,52.00914603837359,47.99085396162641
114,ulens_fs,1,1,313896,0,603540,52.00914603837359,47.99085396162641
117,ulens_mag0,1,1,313896,0,603540,52.00914603837359,47.99085396162641
8,r-W1,0,1,323474,0,603540,53.59611624747324,46.40388375252676
10,r-W2,0,1,323474,0,603540,53.59611624747324,46.40388375252676
14,r-W4,0,1,323474,0,603540,53.59611624747324,46.40388375252676
12,r-W3,0,1,323474,0,603540,53.59611624747324,46.40388375252676
118,ulens_mjd_ref,0,1,351929,0,603540,58.31079961560128,41.68920038439872
11,g-W3,0,1,356202,0,603540,59.0187891440501,40.9812108559499
13,g-W4,0,1,356202,0,603540,59.0187891440501,40.9812108559499
7,g-W1,0,1,356202,0,603540,59.0187891440501,40.9812108559499
9,g-W2,0,1,356202,0,603540,59.0187891440501,40.9812108559499
109,n_forced_phot_band_after,1,1,369142,0,603540,61.16280611061404,38.83719388938596
103,n_forced_phot_band_before,1,1,369142,0,603540,61.16280611061404,38.83719388938596
109,n_forced_phot_band_after,2,1,374337,0,603540,62.02356099015807,37.97643900984193
103,n_forced_phot_band_before,2,1,374337,0,603540,62.02356099015807,37.97643900984193
102,positive_fraction,2,1,399505,0,603540,66.19362428339464,33.80637571660536
91,TDE_decay,1,1,411007,0,603540,68.09938032276237,31.90061967723763
93,TDE_mag0,1,1,411007,0,603540,68.09938032276237,31.90061967723763
94,TDE_mjd_ref,1,1,411007,0,603540,68.09938032276237,31.90061967723763
93,TDE_mag0,2,1,421000,0,603540,69.75511150876495,30.244888491235045
94,TDE_mjd_ref,2,1,421000,0,603540,69.75511150876495,30.244888491235045
91,TDE_decay,2,1,421000,0,603540,69.75511150876495,30.244888491235045
102,positive_fraction,1,1,422266,0,603540,69.96487391059416,30.035126089405836
120,sigma_distnr,12,1,481099,0,603540,79.71286078801737,20.287139211982634
6,W3-W4,0,1,484308,0,603540,80.24455711303311,19.75544288696689
5,W2-W3,0,1,484308,0,603540,80.24455711303311,19.75544288696689
4,W1-W2,0,1,484308,0,603540,80.24455711303311,19.75544288696689
88,SPM_tau_fall,2,1,508471,0,603540,84.24810285979389,15.751897140206111
84,SPM_t0,2,1,508471,0,603540,84.24810285979389,15.751897140206111
83,SPM_A,2,1,508471,0,603540,84.24810285979389,15.751897140206111
86,SPM_beta,2,1,508471,0,603540,84.24810285979389,15.751897140206111
85,SPM_gamma,2,1,508471,0,603540,84.24810285979389,15.751897140206111
87,SPM_tau_rise,2,1,508471,0,603540,84.24810285979389,15.751897140206111
87,SPM_tau_rise,1,1,510901,0,603540,84.65072737515327,15.349272624846733
83,SPM_A,1,1,510901,0,603540,84.65072737515327,15.349272624846733
84,SPM_t0,1,1,510901,0,603540,84.65072737515327,15.349272624846733
85,SPM_gamma,1,1,510901,0,603540,84.65072737515327,15.349272624846733
86,SPM_beta,1,1,510901,0,603540,84.65072737515327,15.349272624846733
88,SPM_tau_fall,1,1,510901,0,603540,84.65072737515327,15.349272624846733
121,mean_sharpnr,12,1,561750,0,603540,93.0758524704245,6.924147529575507
122,mean_chinr,12,1,561750,0,603540,93.0758524704245,6.924147529575507
17,ps_g-r,0,1,562442,0,603540,93.19050932829639,6.809490671703614
119,mean_distnr,12,1,568882,0,603540,94.25754713854923,5.742452861450772
18,ps_r-i,0,1,580046,0,603540,96.10730026178878,3.8926997382112205
19,ps_i-z,0,1,584070,0,603540,96.77403320409583,3.2259667959041707
15,sgscore1,0,1,602675,0,603540,99.85667892766014,0.1433210723398588
16,distpsnr1,0,1,602675,0,603540,99.85667892766014,0.1433210723398588
124,Coordinate_x,0,1,603540,0,603540,100.0,0.0
125,Coordinate_y,0,1,603540,0,603540,100.0,0.0
90,SPM_mjd_ref,0,1,603540,0,603540,100.0,0.0
123,Timespan,0,1,603540,0,603540,100.0,0.0
126,Coordinate_z,0,1,603540,0,603540,100.0,0.0
