angDist,AllWISE,RAJ2000,DEJ2000,eeMaj,eeMin,eePA,W1mag,W2mag,W3mag,W4mag,Jmag,Hmag,Kmag,e_W1mag,e_W2mag,e_W3mag,e_W4mag,e_Jmag,e_Hmag,e_Kmag,ID,ccf,ex,var,qph,pmRA,e_pmRA,pmDE,e_pmDE,d2M,AllWISE,RAJ2000,DEJ2000,eeMaj,eeMin,eePA,W1mag,W2mag,W3mag,W4mag,Jmag,Hmag,Kmag,e_W1mag,e_W2mag,e_W3mag,e_W4mag,e_Jmag,e_Hmag,e_Kmag,ID,ccf,ex,var,qph,pmRA,e_pmRA,pmDE,e_pmDE,d2M
0.000000,J025740.08+003543.3,44.4170336,+0.5953820,0.2011,0.1815,150.9,16.502,15.829,12.797,9.218,,,,0.071,0.126,,,,,,438100001351049925,0000,0,0nnn,ABUU,-565,425,222,454,,J025740.08+003543.3,44.4170336,+0.5953820,0.2011,0.1815,150.9,16.502,15.829,12.797,9.218,,,,0.071,0.126,,,,,,438100001351049925,0000,0,0nnn,ABUU,-565,425,222,454,
0.000000,J025739.88+003553.6,44.4161794,+0.5982451,0.2591,0.2332,150.3,16.808,16.564,12.165,9.291,,,,0.084,0.250,,,,,,438100001351050108,0000,0,nnnn,ABUU,-409,598,-281,630,,J025739.88+003553.6,44.4161794,+0.5982451,0.2591,0.2332,150.3,16.808,16.564,12.165,9.291,,,,0.084,0.250,,,,,,438100001351050108,0000,0,nnnn,ABUU,-409,598,-281,630,
0.000000,J025735.58+003628.6,44.3982517,+0.6079618,0.2889,0.2599,147.0,16.807,16.989,12.671,9.046,,,,0.090,0.383,,,,,,438100001351050220,0000,0,nnnn,ACUU,-325,665,-256,693,,J025735.58+003628.6,44.3982517,+0.6079618,0.2889,0.2599,147.0,16.807,16.989,12.671,9.046,,,,0.090,0.383,,,,,,438100001351050220,0000,0,nnnn,ACUU,-325,665,-256,693,
0.000000,J025737.53+003519.5,44.4063780,+0.5887633,0.4017,0.3641,149.1,17.228,17.211,12.309,8.868,,,,0.122,,,,,,,438100001351050351,0000,0,nnnn,BUUU,394,987,942,1032,,J025737.53+003519.5,44.4063780,+0.5887633,0.4017,0.3641,149.1,17.228,17.211,12.309,8.868,,,,0.122,,,,,,,438100001351050351,0000,0,nnnn,BUUU,394,987,942,1032,
0.000000,J025739.14+003522.2,44.4130858,+0.5895001,0.3284,0.2927,147.5,17.033,17.453,12.634,9.338,,,,0.100,,,,,,,438100001351050344,0000,0,nnnn,AUUU,-25,759,-717,802,,J025739.14+003522.2,44.4130858,+0.5895001,0.3284,0.2927,147.5,17.033,17.453,12.634,9.338,,,,0.100,,,,,,,438100001351050344,0000,0,nnnn,AUUU,-25,759,-717,802,
0.000000,J025742.14+003543.8,44.4255980,+0.5955166,0.5650,0.5071,155.4,17.740,17.005,12.249,9.210,,,,0.188,0.365,,,,,,438100001351050468,0000,0,nnnn,BCUU,1002,1546,526,1646,,J025742.14+003543.8,44.4255980,+0.5955166,0.5650,0.5071,155.4,17.740,17.005,12.249,9.210,,,,0.188,0.365,,,,,,438100001351050468,0000,0,nnnn,BCUU,1002,1546,526,1646,
0.000000,J025734.53+003544.1,44.3939049,+0.5955945,0.1232,0.1119,153.9,15.783,15.255,11.409,9.300,,,,0.046,0.093,0.139,,,,,438100001351049749,0000,0,0nnn,AABU,323,238,-496,256,,J025734.53+003544.1,44.3939049,+0.5955945,0.1232,0.1119,153.9,15.783,15.255,11.409,9.300,,,,0.046,0.093,0.139,,,,,438100001351049749,0000,0,0nnn,AABU,323,238,-496,256,
0.000000,J025738.16+003541.2,44.4090184,+0.5947871,0.1074,0.0990,146.6,15.512,15.355,12.509,9.297,,,,0.041,0.086,,,,,,438100001351049704,0000,0,1nnn,AAUU,-148,184,124,194,,J025738.16+003541.2,44.4090184,+0.5947871,0.1074,0.0990,146.6,15.512,15.355,12.509,9.297,,,,0.041,0.086,,,,,,438100001351049704,0000,0,1nnn,AAUU,-148,184,124,194,
0.000000,J025739.34+003619.7,44.4139415,+0.6054835,0.5549,0.4968,153.3,17.658,17.293,12.899,8.771,,,,0.173,0.480,,,,,,438100001351050797,0000,0,nnnn,BCUU,9,1446,303,1544,,J025739.34+003619.7,44.4139415,+0.6054835,0.5549,0.4968,153.3,17.658,17.293,12.899,8.771,,,,0.173,0.480,,,,,,438100001351050797,0000,0,nnnn,BCUU,9,1446,303,1544,
0.000000,J025733.35+003556.1,44.3889678,+0.5989181,0.5266,0.4726,150.8,17.565,16.764,12.755,8.843,,,,0.171,0.334,,,,,,438100001351050713,0000,0,nnnn,BBUU,2005,1227,-203,1302,,J025733.35+003556.1,44.3889678,+0.5989181,0.5266,0.4726,150.8,17.565,16.764,12.755,8.843,,,,0.171,0.334,,,,,,438100001351050713,0000,0,nnnn,BBUU,2005,1227,-203,1302,
0.000000,J025735.03+003619.0,44.3959647,+0.6052927,0.3003,0.2712,147.5,16.914,16.748,12.924,9.178,,,,0.097,0.306,,,,,,438100001351050256,0000,0,nnnn,ABUU,-86,750,907,781,,J025735.03+003619.0,44.3959647,+0.6052927,0.3003,0.2712,147.5,16.914,16.748,12.924,9.178,,,,0.097,0.306,,,,,,438100001351050256,0000,0,nnnn,ABUU,-86,750,907,781,
0.000000,J025741.99+003621.6,44.4249775,+0.6060257,0.1948,0.1785,148.0,16.409,16.652,12.333,8.767,,,,0.063,0.277,,,,,,438100001351049923,0000,0,1nnn,ABUU,-430,423,99,444,,J025741.99+003621.6,44.4249775,+0.6060257,0.1948,0.1785,148.0,16.409,16.652,12.333,8.767,,,,0.063,0.277,,,,,,438100001351049923,0000,0,1nnn,ABUU,-430,423,99,444,
0.000000,J025738.37+003653.1,44.4098885,+0.6147704,0.4035,0.3679,148.9,17.348,16.544,12.482,8.773,,,,0.134,0.249,,,,,,438100001351050546,0000,0,nnnn,BBUU,142,1001,-1039,1045,,J025738.37+003653.1,44.4098885,+0.6147704,0.4035,0.3679,148.9,17.348,16.544,12.482,8.773,,,,0.134,0.249,,,,,,438100001351050546,0000,0,nnnn,BBUU,142,1001,-1039,1045,
0.000000,J025744.02+003613.2,44.4334322,+0.6036847,0.2372,0.2185,149.8,16.732,16.502,12.468,9.268,,,,0.079,0.226,0.356,,,,,438100001351050024,0000,0,0nnn,ABCU,-203,563,-484,591,,J025744.02+003613.2,44.4334322,+0.6036847,0.2372,0.2185,149.8,16.732,16.502,12.468,9.268,,,,0.079,0.226,0.356,,,,,438100001351050024,0000,0,0nnn,ABCU,-203,563,-484,591,
0.000000,J025745.28+003648.1,44.4386709,+0.6133723,0.4370,0.3526,169.7,17.038,16.662,12.036,8.864,,,,0.125,0.325,,,,,,438100001351050440,0000,0,nnnn,BBUU,-928,982,-1881,1049,,J025745.28+003648.1,44.4386709,+0.6133723,0.4370,0.3526,169.7,17.038,16.662,12.036,8.864,,,,0.125,0.325,,,,,,438100001351050440,0000,0,nnnn,BBUU,-928,982,-1881,1049,
0.000000,J025744.90+003700.1,44.4370943,+0.6166990,0.4175,0.3756,148.1,17.315,16.736,12.245,9.112,,,,0.130,,,,,,,438100001351051845,0000,0,nnnn,BUUU,1532,1012,911,1068,,J025744.90+003700.1,44.4370943,+0.6166990,0.4175,0.3756,148.1,17.315,16.736,12.245,9.112,,,,0.130,,,,,,,438100001351051845,0000,0,nnnn,BUUU,1532,1012,911,1068,
0.000000,J025741.55+003728.0,44.4231662,+0.6244510,0.7089,0.6292,150.4,17.886,17.415,12.878,9.110,,,,0.212,,,,,,,438100001351051084,0000,0,nnnn,BUUU,244,1956,-1972,2079,,J025741.55+003728.0,44.4231662,+0.6244510,0.7089,0.6292,150.4,17.886,17.415,12.878,9.110,,,,0.212,,,,,,,438100001351051084,0000,0,nnnn,BUUU,244,1956,-1972,2079,
0.000000,J025744.89+003644.3,44.4370701,+0.6123102,0.1205,0.1100,143.6,15.700,15.557,12.875,9.053,,,,0.043,0.110,,,,,,438100001351049716,0000,0,0nnn,ABUU,-42,222,-131,235,,J025744.89+003644.3,44.4370701,+0.6123102,0.1205,0.1100,143.6,15.700,15.557,12.875,9.053,,,,0.043,0.110,,,,,,438100001351049716,0000,0,0nnn,ABUU,-42,222,-131,235,
0.000000,J025744.05+003721.8,44.4335663,+0.6227318,0.2347,0.2125,150.2,16.660,16.625,12.940,9.187,,,,0.076,0.270,,,,,,438100001351050058,0000,0,0nnn,ABUU,579,530,321,564,,J025744.05+003721.8,44.4335663,+0.6227318,0.2347,0.2125,150.2,16.660,16.625,12.940,9.187,,,,0.076,0.270,,,,,,438100001351050058,0000,0,0nnn,ABUU,579,530,321,564,
0.000000,J025743.02+003615.7,44.4292701,+0.6043765,0.1999,0.1787,152.9,16.381,15.836,11.855,8.777,,,,0.071,0.137,0.225,,,,,438100001351049836,0000,0,0nnn,ABBU,-708,401,597,429,,J025743.02+003615.7,44.4292701,+0.6043765,0.1999,0.1787,152.9,16.381,15.836,11.855,8.777,,,,0.071,0.137,0.225,,,,,438100001351049836,0000,0,0nnn,ABBU,-708,401,597,429,
0.000000,J025743.74+003648.1,44.4322892,+0.6133656,0.0734,0.0705,139.9,14.820,14.418,11.825,8.619,,,,0.032,0.049,0.203,,,,,438100001351049621,0000,0,00nn,AABU,126,109,-214,115,,J025743.74+003648.1,44.4322892,+0.6133656,0.0734,0.0705,139.9,14.820,14.418,11.825,8.619,,,,0.032,0.049,0.203,,,,,438100001351049621,0000,0,00nn,AABU,126,109,-214,115,
0.000000,J025746.04+003642.3,44.4418539,+0.6117513,0.2472,0.2239,147.7,16.690,16.704,12.729,9.115,,,,0.079,0.296,,,,,,438100001351050030,0000,0,nnnn,ABUU,607,553,266,582,,J025746.04+003642.3,44.4418539,+0.6117513,0.2472,0.2239,147.7,16.690,16.704,12.729,9.115,,,,0.079,0.296,,,,,,438100001351050030,0000,0,nnnn,ABUU,607,553,266,582,
0.000000,J025722.61+003502.3,44.3442137,+0.5839800,0.1051,0.0965,140.4,15.426,15.709,12.850,9.119,16.034,15.608,15.471,0.038,0.126,,,0.103,0.151,0.212,438100001351049693,0000,0,0nnn,ABUU,0,186,0,196,0.136,J025722.61+003502.3,44.3442137,+0.5839800,0.1051,0.0965,140.4,15.426,15.709,12.850,9.119,16.034,15.608,15.471,0.038,0.126,,,0.103,0.151,0.212,438100001351049693,0000,0,0nnn,ABUU,0,186,0,196,0.136
0.000000,J025719.49+003445.6,44.3312420,+0.5793487,0.1996,0.1779,147.8,16.411,16.185,12.463,9.165,,,,0.066,0.186,,0.458,,,,438100001351052599,0000,0,0nnn,ABUC,34,456,105,484,,J025719.49+003445.6,44.3312420,+0.5793487,0.1996,0.1779,147.8,16.411,16.185,12.463,9.165,,,,0.066,0.186,,0.458,,,,438100001351052599,0000,0,0nnn,ABUC,34,456,105,484,
0.000000,J025721.06+003537.1,44.3377584,+0.5936495,0.3690,0.3299,151.2,17.274,16.155,12.173,9.248,,,,0.131,0.184,,,,,,438100001351050236,0000,0,nnnn,BBUU,102,899,-92,953,,J025721.06+003537.1,44.3377584,+0.5936495,0.3690,0.3299,151.2,17.274,16.155,12.173,9.248,,,,0.131,0.184,,,,,,438100001351050236,0000,0,nnnn,BBUU,102,899,-92,953,
0.000000,J025721.80+003405.6,44.3408511,+0.5682352,0.1228,0.1149,147.8,15.761,16.014,12.847,9.154,,,,0.044,0.146,,,,,,438100001351049736,0000,0,0nnn,ABUU,239,238,404,250,,J025721.80+003405.6,44.3408511,+0.5682352,0.1228,0.1149,147.8,15.761,16.014,12.847,9.154,,,,0.044,0.146,,,,,,438100001351049736,0000,0,0nnn,ABUU,239,238,404,250,
0.000000,J025722.12+003352.0,44.3421808,+0.5644710,0.1089,0.1010,147.6,15.625,15.496,12.786,8.632,,,,0.041,0.095,,,,,,438100001351049713,0000,0,1nnn,AAUU,-28,197,-48,210,,J025722.12+003352.0,44.3421808,+0.5644710,0.1089,0.1010,147.6,15.625,15.496,12.786,8.632,,,,0.041,0.095,,,,,,438100001351049713,0000,0,1nnn,AAUU,-28,197,-48,210,
0.000000,J025722.20+003421.7,44.3425045,+0.5726978,0.5967,0.5331,151.9,17.861,16.806,12.840,9.287,,,,0.205,0.308,,,,,,438100001351050935,0000,0,nnnn,BBUU,106,1626,194,1719,,J025722.20+003421.7,44.3425045,+0.5726978,0.5967,0.5331,151.9,17.861,16.806,12.840,9.287,,,,0.205,0.308,,,,,,438100001351050935,0000,0,nnnn,BBUU,106,1626,194,1719,
0.000000,J025723.37+003440.9,44.3474065,+0.5780424,0.3688,0.3320,151.7,17.175,16.633,12.869,9.246,,,,0.113,,,,,,,438100001351050450,0000,0,nnnn,BUUU,308,904,1288,959,,J025723.37+003440.9,44.3474065,+0.5780424,0.3688,0.3320,151.7,17.175,16.633,12.869,9.246,,,,0.113,,,,,,,438100001351050450,0000,0,nnnn,BUUU,308,904,1288,959,
0.000000,J025722.32+003521.9,44.3430243,+0.5894167,0.3596,0.3269,145.7,17.146,16.907,12.801,8.679,,,,0.114,0.357,,,,,,438100001351050387,0000,0,nnnn,BCUU,-1063,869,-387,901,,J025722.32+003521.9,44.3430243,+0.5894167,0.3596,0.3269,145.7,17.146,16.907,12.801,8.679,,,,0.114,0.357,,,,,,438100001351050387,0000,0,nnnn,BCUU,-1063,869,-387,901,
0.000000,J025718.70+003458.1,44.3279572,+0.5828233,0.2494,0.2276,148.7,16.681,16.912,12.347,8.851,,,,0.080,0.382,,,,,,438100001351052755,0000,0,0nnn,ACUU,211,604,388,632,,J025718.70+003458.1,44.3279572,+0.5828233,0.2494,0.2276,148.7,16.681,16.912,12.347,8.851,,,,0.080,0.382,,,,,,438100001351052755,0000,0,0nnn,ACUU,211,604,388,632,
0.000000,J025721.27+003526.1,44.3386652,+0.5906080,0.2501,0.2251,146.8,16.738,16.442,12.600,9.307,,,,0.081,0.227,0.467,,,,,438100001351050072,0000,0,nnnn,ABCU,195,580,-301,609,,J025721.27+003526.1,44.3386652,+0.5906080,0.2501,0.2251,146.8,16.738,16.442,12.600,9.307,,,,0.081,0.227,0.467,,,,,438100001351050072,0000,0,nnnn,ABCU,195,580,-301,609,
0.000000,J025718.54+003429.9,44.3272676,+0.5749840,0.2985,0.2647,152.5,16.938,16.251,12.477,9.267,,,,0.099,0.198,,,,,,438100001351052993,0000,0,nnnn,ABUU,-1041,677,1381,720,,J025718.54+003429.9,44.3272676,+0.5749840,0.2985,0.2647,152.5,16.938,16.251,12.477,9.267,,,,0.099,0.198,,,,,,438100001351052993,0000,0,nnnn,ABUU,-1041,677,1381,720,
0.000000,J025724.07+003454.2,44.3503079,+0.5817226,0.3097,0.2789,145.2,16.954,17.283,12.641,9.183,,,,0.094,,,,,,,438100001351050425,0000,0,nnnn,AUUU,-72,738,-41,764,,J025724.07+003454.2,44.3503079,+0.5817226,0.3097,0.2789,145.2,16.954,17.283,12.641,9.183,,,,0.094,,,,,,,438100001351050425,0000,0,nnnn,AUUU,-72,738,-41,764,
0.000000,J025724.44+003510.5,44.3518666,+0.5862552,0.3465,0.3132,146.9,17.074,16.826,12.907,9.178,,,,0.106,,,,,,,438100001351050382,0000,0,nnnn,AUUU,-326,878,-1578,911,,J025724.44+003510.5,44.3518666,+0.5862552,0.3465,0.3132,146.9,17.074,16.826,12.907,9.178,,,,0.106,,,,,,,438100001351050382,0000,0,nnnn,AUUU,-326,878,-1578,911,
0.000000,J025719.70+003509.6,44.3320903,+0.5860168,0.5882,0.5248,152.3,17.676,16.892,12.975,9.223,,,,0.180,,,,,,,438100001351053482,0000,0,nnnn,BUUU,-26,1650,-9,1745,,J025719.70+003509.6,44.3320903,+0.5860168,0.5882,0.5248,152.3,17.676,16.892,12.975,9.223,,,,0.180,,,,,,,438100001351053482,0000,0,nnnn,BUUU,-26,1650,-9,1745,
0.000000,J025726.45+003625.9,44.3602438,+0.6071945,0.0738,0.0694,137.0,14.737,14.899,12.617,8.647,15.225,14.861,14.620,0.030,0.065,,,0.051,0.058,0.088,438100001351049625,0000,0,11nn,AAUU,-104,107,35,112,0.177,J025726.45+003625.9,44.3602438,+0.6071945,0.0738,0.0694,137.0,14.737,14.899,12.617,8.647,15.225,14.861,14.620,0.030,0.065,,,0.051,0.058,0.088,438100001351049625,0000,0,11nn,AAUU,-104,107,35,112,0.177
0.000000,J025727.57+003615.1,44.3648866,+0.6042067,0.6391,0.5736,149.6,17.944,16.849,12.919,9.199,,,,0.218,0.332,,,,,,438100001351051652,0000,0,nnnn,BBUU,-498,1989,-163,2090,,J025727.57+003615.1,44.3648866,+0.6042067,0.6391,0.5736,149.6,17.944,16.849,12.919,9.199,,,,0.218,0.332,,,,,,438100001351051652,0000,0,nnnn,BBUU,-498,1989,-163,2090,
0.000000,J025729.34+003549.1,44.3722842,+0.5969849,0.2108,0.1909,151.3,16.523,15.910,12.393,9.065,,,,0.072,0.146,,,,,,438100001351049972,0000,0,0nnn,ABUU,166,470,5,500,,J025729.34+003549.1,44.3722842,+0.5969849,0.2108,0.1909,151.3,16.523,15.910,12.393,9.065,,,,0.072,0.146,,,,,,438100001351049972,0000,0,0nnn,ABUU,166,470,5,500,
0.000000,J025724.52+003613.0,44.3521976,+0.6036226,0.3285,0.2952,147.4,17.112,16.486,12.582,9.208,,,,0.106,0.235,,,,,,438100001351050234,0000,0,nnnn,ABUU,-127,830,-213,868,,J025724.52+003613.0,44.3521976,+0.6036226,0.3285,0.2952,147.4,17.112,16.486,12.582,9.208,,,,0.106,0.235,,,,,,438100001351050234,0000,0,nnnn,ABUU,-127,830,-213,868,
0.000000,J025723.43+003557.2,44.3476644,+0.5992368,0.0428,0.0399,86.9,12.425,12.456,12.522,9.119,13.228,12.611,12.485,0.023,0.024,0.394,,0.024,0.022,0.029,438100001351049554,0000,0,22nn,AACU,34,36,-43,35,0.075,J025723.43+003557.2,44.3476644,+0.5992368,0.0428,0.0399,86.9,12.425,12.456,12.522,9.119,13.228,12.611,12.485,0.023,0.024,0.394,,0.024,0.022,0.029,438100001351049554,0000,0,22nn,AACU,34,36,-43,35,0.075
0.000000,J025729.00+003622.2,44.3708485,+0.6061670,0.6403,0.5734,148.8,17.821,17.452,12.900,9.304,,,,0.201,,,,,,,438100001351051028,0000,0,nnnn,BUUU,-552,1794,-13,1910,,J025729.00+003622.2,44.3708485,+0.6061670,0.6403,0.5734,148.8,17.821,17.452,12.900,9.304,,,,0.201,,,,,,,438100001351051028,0000,0,nnnn,BUUU,-552,1794,-13,1910,
0.000000,J025727.25+003647.8,44.3635530,+0.6132871,0.5283,0.4849,151.5,17.636,16.630,12.779,8.670,,,,0.168,,,,,,,438100001351050596,0000,0,nnnn,BUUU,-869,1430,-2798,1516,,J025727.25+003647.8,44.3635530,+0.6132871,0.5283,0.4849,151.5,17.636,16.630,12.779,8.670,,,,0.168,,,,,,,438100001351050596,0000,0,nnnn,BUUU,-869,1430,-2798,1516,
0.000000,J025729.41+003613.9,44.3725671,+0.6038716,0.5962,0.5446,152.7,17.767,16.703,12.863,9.274,,,,0.188,,,,,,,438100001351050883,0000,0,nnnn,BUUU,693,1780,-1473,1885,,J025729.41+003613.9,44.3725671,+0.6038716,0.5962,0.5446,152.7,17.767,16.703,12.863,9.274,,,,0.188,,,,,,,438100001351050883,0000,0,nnnn,BUUU,693,1780,-1473,1885,
0.000000,J025726.18+003540.5,44.3590848,+0.5945993,0.7388,0.6681,140.5,17.896,17.339,12.561,9.328,,,,0.219,,,,,,,438100001351050969,0000,0,nnnn,BUUU,2363,1904,2428,2012,,J025726.18+003540.5,44.3590848,+0.5945993,0.7388,0.6681,140.5,17.896,17.339,12.561,9.328,,,,0.219,,,,,,,438100001351050969,0000,0,nnnn,BUUU,2363,1904,2428,2012,
0.000000,J025728.01+003548.4,44.3667161,+0.5967839,0.3383,0.3063,146.5,17.045,17.063,12.673,8.865,,,,0.107,0.428,,,,,,438100001351050267,0000,0,nnnn,ACUU,313,904,487,932,,J025728.01+003548.4,44.3667161,+0.5967839,0.3383,0.3063,146.5,17.045,17.063,12.673,8.865,,,,0.107,0.428,,,,,,438100001351050267,0000,0,nnnn,ACUU,313,904,487,932,
0.000000,J025726.65+003559.7,44.3610489,+0.5999384,0.0452,0.0433,91.8,12.719,12.777,12.282,9.387,13.359,12.843,12.765,0.024,0.027,,,0.029,0.029,0.029,438100001351049559,0000,0,12nn,AAUU,38,38,-40,38,0.117,J025726.65+003559.7,44.3610489,+0.5999384,0.0452,0.0433,91.8,12.719,12.777,12.282,9.387,13.359,12.843,12.765,0.024,0.027,,,0.029,0.029,0.029,438100001351049559,0000,0,12nn,AAUU,38,38,-40,38,0.117
0.000000,J025716.27+003508.5,44.3178105,+0.5856950,0.6286,0.5736,151.5,17.905,16.942,12.551,9.370,,,,0.209,0.366,,,,,,438100001351053854,0000,0,nnnn,BCUU,228,1814,-345,1900,,J025716.27+003508.5,44.3178105,+0.5856950,0.6286,0.5736,151.5,17.905,16.942,12.551,9.370,,,,0.209,0.366,,,,,,438100001351053854,0000,0,nnnn,BCUU,228,1814,-345,1900,
0.000000,J025718.26+003532.8,44.3261240,+0.5924539,0.3651,0.3281,150.6,17.127,17.089,12.772,9.253,,,,0.114,0.444,,,,,,438100001351053248,0000,0,nnnn,BCUU,-12,905,-496,955,,J025718.26+003532.8,44.3261240,+0.5924539,0.3651,0.3281,150.6,17.127,17.089,12.772,9.253,,,,0.114,0.444,,,,,,438100001351053248,0000,0,nnnn,BCUU,-12,905,-496,955,
0.000000,J025715.84+003546.3,44.3160222,+0.5962037,0.5838,0.5332,150.2,17.816,16.526,12.748,8.744,,,,0.211,0.271,,,,,,438100001351053567,0000,0,nnnn,BBUU,-1306,1568,1268,1650,,J025715.84+003546.3,44.3160222,+0.5962037,0.5838,0.5332,150.2,17.816,16.526,12.748,8.744,,,,0.211,0.271,,,,,,438100001351053567,0000,0,nnnn,BBUU,-1306,1568,1268,1650,
0.000000,J025715.40+003510.8,44.3142047,+0.5863521,0.2321,0.2148,149.1,16.670,16.712,12.905,9.131,,,,0.074,0.296,,,,,,438100001351052745,0000,0,nnnn,ABUU,-583,549,-250,572,,J025715.40+003510.8,44.3142047,+0.5863521,0.2321,0.2148,149.1,16.670,16.712,12.905,9.131,,,,0.074,0.296,,,,,,438100001351052745,0000,0,nnnn,ABUU,-583,549,-250,572,
0.000000,J025719.74+003602.9,44.3322610,+0.6008208,0.1132,0.1057,138.4,15.649,15.466,12.954,8.995,16.457,15.991,16.794,0.042,0.096,,,0.129,0.184,,438100001351052364,0000,0,0nnn,AAUU,0,214,0,223,0.339,J025719.74+003602.9,44.3322610,+0.6008208,0.1132,0.1057,138.4,15.649,15.466,12.954,8.995,16.457,15.991,16.794,0.042,0.096,,,0.129,0.184,,438100001351052364,0000,0,0nnn,AAUU,0,214,0,223,0.339
0.000000,J025713.53+003612.4,44.3063782,+0.6034606,0.1419,0.1295,148.2,15.950,15.651,12.891,9.168,,,,0.050,0.115,,,,,,438100001351052427,0000,0,0nnn,ABUU,442,273,-252,288,,J025713.53+003612.4,44.3063782,+0.6034606,0.1419,0.1295,148.2,15.950,15.651,12.891,9.168,,,,0.050,0.115,,,,,,438100001351052427,0000,0,0nnn,ABUU,442,273,-252,288,
0.000000,J025715.43+003523.8,44.3142983,+0.5899620,0.2834,0.2536,148.6,16.847,16.576,12.141,9.152,,,,0.091,0.264,,,,,,438100001351052872,0000,0,nnnn,ABUU,-536,672,736,705,,J025715.43+003523.8,44.3142983,+0.5899620,0.2834,0.2536,148.6,16.847,16.576,12.141,9.152,,,,0.091,0.264,,,,,,438100001351052872,0000,0,nnnn,ABUU,-536,672,736,705,
0.000000,J025718.15+003631.7,44.3256460,+0.6088292,0.3944,0.3592,147.7,17.241,17.034,12.604,8.903,,,,0.125,0.386,,,,,,438100001351053372,0000,0,nnnn,BCUU,-668,1001,169,1048,,J025718.15+003631.7,44.3256460,+0.6088292,0.3944,0.3592,147.7,17.241,17.034,12.604,8.903,,,,0.125,0.386,,,,,,438100001351053372,0000,0,nnnn,BCUU,-668,1001,169,1048,
0.000000,J025716.32+003625.1,44.3180076,+0.6069986,0.4869,0.4435,153.2,17.552,16.473,12.730,9.246,,,,0.173,0.246,,,,,,438100001351053381,0000,0,nnnn,BBUU,-607,1294,3,1363,,J025716.32+003625.1,44.3180076,+0.6069986,0.4869,0.4435,153.2,17.552,16.473,12.730,9.246,,,,0.173,0.246,,,,,,438100001351053381,0000,0,nnnn,BBUU,-607,1294,3,1363,
0.000000,J025716.21+003608.9,44.3175565,+0.6024791,0.1411,0.1317,150.4,15.940,15.669,12.777,9.252,,,,0.050,0.117,,,,,,438100001351052445,0000,0,0nnn,ABUU,-61,292,297,305,,J025716.21+003608.9,44.3175565,+0.6024791,0.1411,0.1317,150.4,15.940,15.669,12.777,9.252,,,,0.050,0.117,,,,,,438100001351052445,0000,0,0nnn,ABUU,-61,292,297,305,
0.000000,J025720.35+003535.1,44.3348112,+0.5930923,0.2683,0.2391,153.8,16.879,16.102,12.443,8.998,,,,0.091,0.167,,,,,,438100001351050081,0000,0,nnnn,ABUU,-1285,623,-636,666,,J025720.35+003535.1,44.3348112,+0.5930923,0.2683,0.2391,153.8,16.879,16.102,12.443,8.998,,,,0.091,0.167,,,,,,438100001351050081,0000,0,nnnn,ABUU,-1285,623,-636,666,
0.000000,J025714.47+003534.5,44.3102978,+0.5929261,0.6048,0.5473,150.9,17.807,16.913,12.820,9.213,,,,0.201,0.343,,,,,,438100001351053541,0000,0,nnnn,BBUU,972,1520,1864,1606,,J025714.47+003534.5,44.3102978,+0.5929261,0.6048,0.5473,150.9,17.807,16.913,12.820,9.213,,,,0.201,0.343,,,,,,438100001351053541,0000,0,nnnn,BBUU,972,1520,1864,1606,
0.000000,J025718.83+003611.4,44.3284777,+0.6031912,0.3863,0.3469,149.7,17.249,17.407,12.789,9.149,,,,0.120,0.522,,,,,,438100001351053316,0000,0,nnnn,BCUU,-191,1042,429,1099,,J025718.83+003611.4,44.3284777,+0.6031912,0.3863,0.3469,149.7,17.249,17.407,12.789,9.149,,,,0.120,0.522,,,,,,438100001351053316,0000,0,nnnn,BCUU,-191,1042,429,1099,
0.000000,J025717.08+003625.3,44.3211728,+0.6070513,0.4317,0.3861,150.2,17.256,16.807,12.593,9.281,,,,0.138,0.336,,,,,,438100001351053219,0000,0,nnnn,BBUU,-726,1006,397,1066,,J025717.08+003625.3,44.3211728,+0.6070513,0.4317,0.3861,150.2,17.256,16.807,12.593,9.281,,,,0.138,0.336,,,,,,438100001351053219,0000,0,nnnn,BBUU,-726,1006,397,1066,
0.000000,J025717.39+003513.0,44.3224787,+0.5869583,0.2409,0.2190,149.9,16.635,16.832,12.920,8.972,,,,0.076,0.395,,,,,,438100001351052846,0000,0,0nnn,ACUU,292,557,-1218,581,,J025717.39+003513.0,44.3224787,+0.5869583,0.2409,0.2190,149.9,16.635,16.832,12.920,8.972,,,,0.076,0.395,,,,,,438100001351052846,0000,0,0nnn,ACUU,292,557,-1218,581,
0.000000,J025712.73+003559.3,44.3030511,+0.5998117,0.1168,0.1080,145.0,15.658,15.363,11.560,8.744,,,,0.044,0.090,0.162,,,,,438100001351052340,0000,0,0nnn,AABU,-379,225,360,234,,J025712.73+003559.3,44.3030511,+0.5998117,0.1168,0.1080,145.0,15.658,15.363,11.560,8.744,,,,0.044,0.090,0.162,,,,,438100001351052340,0000,0,0nnn,AABU,-379,225,360,234,
0.000000,J025718.88+003644.2,44.3286710,+0.6122987,0.3543,0.3216,148.2,17.113,17.246,12.896,9.163,,,,0.112,0.490,,,,,,438100001351053272,0000,0,nnnn,BCUU,-423,860,1615,908,,J025718.88+003644.2,44.3286710,+0.6122987,0.3543,0.3216,148.2,17.113,17.246,12.896,9.163,,,,0.112,0.490,,,,,,438100001351053272,0000,0,nnnn,BCUU,-423,860,1615,908,
0.000000,J025724.12+003631.5,44.3505321,+0.6087771,0.6197,0.5554,151.3,17.877,17.075,12.174,9.202,,,,0.207,0.397,,,,,,438100001351050918,0000,0,nnnn,BCUU,791,1752,1882,1824,,J025724.12+003631.5,44.3505321,+0.6087771,0.6197,0.5554,151.3,17.877,17.075,12.174,9.202,,,,0.207,0.397,,,,,,438100001351050918,0000,0,nnnn,BCUU,791,1752,1882,1824,
0.000000,J025721.86+003701.7,44.3410966,+0.6171518,0.2203,0.1998,146.4,16.572,16.251,12.888,8.898,,,,0.072,0.203,,,,,,438100001351050009,0000,0,0nnn,ABUU,-613,526,575,542,,J025721.86+003701.7,44.3410966,+0.6171518,0.2203,0.1998,146.4,16.572,16.251,12.888,8.898,,,,0.072,0.203,,,,,,438100001351050009,0000,0,0nnn,ABUU,-613,526,575,542,
0.000000,J025721.79+003633.4,44.3408128,+0.6092989,0.5460,0.4892,147.5,17.661,16.974,12.641,9.150,,,,0.175,0.381,,,,,,438100001351050734,0000,0,nnnn,BCUU,-272,1433,-1660,1500,,J025721.79+003633.4,44.3408128,+0.6092989,0.5460,0.4892,147.5,17.661,16.974,12.641,9.150,,,,0.175,0.381,,,,,,438100001351050734,0000,0,nnnn,BCUU,-272,1433,-1660,1500,
0.000000,J025725.59+003656.0,44.3566545,+0.6155760,0.3806,0.3402,151.0,17.175,17.355,12.567,9.137,,,,0.115,,,,,,,438100001351050373,0000,0,nnnn,BUUU,266,912,2316,973,,J025725.59+003656.0,44.3566545,+0.6155760,0.3806,0.3402,151.0,17.175,17.355,12.567,9.137,,,,0.115,,,,,,,438100001351050373,0000,0,nnnn,BUUU,266,912,2316,973,
0.000000,J025722.91+003625.1,44.3454977,+0.6069914,0.2126,0.1900,145.2,16.450,16.944,12.799,9.313,,,,0.068,0.355,,,,,,438100001351049973,0000,0,0nnn,ABUU,366,470,-729,499,,J025722.91+003625.1,44.3454977,+0.6069914,0.2126,0.1900,145.2,16.450,16.944,12.799,9.313,,,,0.068,0.355,,,,,,438100001351049973,0000,0,0nnn,ABUU,366,470,-729,499,
0.000000,J025717.48+003704.9,44.3228421,+0.6180364,0.2134,0.1917,149.0,16.503,16.049,12.997,9.226,,,,0.071,0.173,,,,,,438100001351052649,0000,0,0nnn,ABUU,-105,474,372,503,,J025717.48+003704.9,44.3228421,+0.6180364,0.2134,0.1917,149.0,16.503,16.049,12.997,9.226,,,,0.071,0.173,,,,,,438100001351052649,0000,0,0nnn,ABUU,-105,474,372,503,
0.000000,J025722.09+003643.0,44.3420420,+0.6119478,0.4338,0.3912,149.8,17.460,16.616,12.426,9.112,,,,0.143,0.277,,,,,,438100001351050489,0000,0,nnnn,BBUU,-98,1243,905,1311,,J025722.09+003643.0,44.3420420,+0.6119478,0.4338,0.3912,149.8,17.460,16.616,12.426,9.112,,,,0.143,0.277,,,,,,438100001351050489,0000,0,nnnn,BBUU,-98,1243,905,1311,
0.000000,J025722.61+003741.4,44.3442143,+0.6281908,0.3572,0.3204,144.8,17.251,16.177,12.139,9.376,,,,0.127,0.179,,,,,,438100001351050280,0000,0,nnnn,BBUU,105,881,-34,900,,J025722.61+003741.4,44.3442143,+0.6281908,0.3572,0.3204,144.8,17.251,16.177,12.139,9.376,,,,0.127,0.179,,,,,,438100001351050280,0000,0,nnnn,BBUU,105,881,-34,900,
0.000000,J025719.74+003650.8,44.3322892,+0.6141305,0.2307,0.2064,146.8,16.646,16.473,12.456,8.697,,,,0.074,0.243,,,,,,438100001351052890,0000,0,0nnn,ABUU,214,548,-289,567,,J025719.74+003650.8,44.3322892,+0.6141305,0.2307,0.2064,146.8,16.646,16.473,12.456,8.697,,,,0.074,0.243,,,,,,438100001351052890,0000,0,0nnn,ABUU,214,548,-289,567,
0.000000,J025730.45+003626.9,44.3768966,+0.6074964,0.1302,0.1197,148.0,15.836,15.867,12.760,9.128,16.596,16.233,16.228,0.045,0.143,,,0.144,0.238,,438100001351049765,0000,0,0nnn,ABUU,39,260,-73,277,0.573,J025730.45+003626.9,44.3768966,+0.6074964,0.1302,0.1197,148.0,15.836,15.867,12.760,9.128,16.596,16.233,16.228,0.045,0.143,,,0.144,0.238,,438100001351049765,0000,0,0nnn,ABUU,39,260,-73,277,0.573
0.000000,J025732.59+003645.3,44.3858263,+0.6125895,0.2660,0.2392,150.6,16.828,16.146,12.891,8.820,,,,0.089,0.178,,,,,,438100001351050167,0000,0,nnnn,ABUU,-586,605,413,640,,J025732.59+003645.3,44.3858263,+0.6125895,0.2660,0.2392,150.6,16.828,16.146,12.891,8.820,,,,0.089,0.178,,,,,,438100001351050167,0000,0,nnnn,ABUU,-586,605,413,640,
0.000000,J025729.60+003639.2,44.3733407,+0.6109129,0.1890,0.1747,143.8,16.349,16.275,12.760,9.109,,,,0.063,0.201,,,,,,438100001351049890,0000,0,1nnn,ABUU,-94,425,374,438,,J025729.60+003639.2,44.3733407,+0.6109129,0.1890,0.1747,143.8,16.349,16.275,12.760,9.109,,,,0.063,0.201,,,,,,438100001351049890,0000,0,1nnn,ABUU,-94,425,374,438,
0.000000,J025732.26+003718.1,44.3844371,+0.6217201,0.2832,0.2556,147.2,16.913,16.458,12.833,9.030,,,,0.091,0.254,,,,,,438100001351050224,0000,0,nnnn,ABUU,111,684,158,724,,J025732.26+003718.1,44.3844371,+0.6217201,0.2832,0.2556,147.2,16.913,16.458,12.833,9.030,,,,0.091,0.254,,,,,,438100001351050224,0000,0,nnnn,ABUU,111,684,158,724,
0.000000,J025728.96+003650.6,44.3706905,+0.6140732,0.6869,0.6203,150.2,17.876,17.274,12.805,8.540,,,,0.208,,,,,,,438100001351050638,0000,0,nnnn,BUUU,-909,2164,-43,2265,,J025728.96+003650.6,44.3706905,+0.6140732,0.6869,0.6203,150.2,17.876,17.274,12.805,8.540,,,,0.208,,,,,,,438100001351050638,0000,0,nnnn,BUUU,-909,2164,-43,2265,
0.000000,J025731.97+003632.9,44.3832130,+0.6091469,0.2010,0.1818,153.0,16.379,16.371,12.122,9.199,,,,0.066,0.216,,,,,,438100001351049932,0000,0,0nnn,ABUU,106,452,-29,476,,J025731.97+003632.9,44.3832130,+0.6091469,0.2010,0.1818,153.0,16.379,16.371,12.122,9.199,,,,0.066,0.216,,,,,,438100001351049932,0000,0,0nnn,ABUU,106,452,-29,476,
0.000000,J025732.09+003737.1,44.3837419,+0.6269740,0.4619,0.4128,155.1,17.454,16.769,12.383,9.169,,,,0.150,0.323,,,,,,438100001351050579,0000,0,nnnn,BBUU,1218,1304,647,1396,,J025732.09+003737.1,44.3837419,+0.6269740,0.4619,0.4128,155.1,17.454,16.769,12.383,9.169,,,,0.150,0.323,,,,,,438100001351050579,0000,0,nnnn,BBUU,1218,1304,647,1396,
0.000000,J025731.90+003709.7,44.3829498,+0.6193770,0.4473,0.3961,151.5,17.453,16.819,12.650,8.868,,,,0.143,0.329,,,,,,438100001351050585,0000,0,nnnn,BBUU,41,1138,-37,1211,,J025731.90+003709.7,44.3829498,+0.6193770,0.4473,0.3961,151.5,17.453,16.819,12.650,8.868,,,,0.143,0.329,,,,,,438100001351050585,0000,0,nnnn,BBUU,41,1138,-37,1211,
0.000000,J025733.38+003718.9,44.3891020,+0.6219426,0.1646,0.1504,151.7,16.250,15.652,11.772,8.987,,,,0.058,0.117,0.207,,,,,438100001351049850,0000,0,0nnn,ABBU,-286,356,654,378,,J025733.38+003718.9,44.3891020,+0.6219426,0.1646,0.1504,151.7,16.250,15.652,11.772,8.987,,,,0.058,0.117,0.207,,,,,438100001351049850,0000,0,0nnn,ABBU,-286,356,654,378,
0.000000,J025732.72+003614.1,44.3863589,+0.6039443,0.4065,0.3582,154.4,17.312,16.519,12.886,9.295,,,,0.135,0.244,,,,,,438100001351050415,0000,0,nnnn,BBUU,-631,1032,-71,1106,,J025732.72+003614.1,44.3863589,+0.6039443,0.4065,0.3582,154.4,17.312,16.519,12.886,9.295,,,,0.135,0.244,,,,,,438100001351050415,0000,0,nnnn,BBUU,-631,1032,-71,1106,
0.000000,J025738.27+003713.2,44.4094653,+0.6203478,0.5054,0.4582,146.7,17.601,16.869,12.750,9.330,,,,0.168,0.318,,,,,,438100001351050823,0000,0,nnnn,BBUU,1566,1214,-2034,1270,,J025738.27+003713.2,44.4094653,+0.6203478,0.5054,0.4582,146.7,17.601,16.869,12.750,9.330,,,,0.168,0.318,,,,,,438100001351050823,0000,0,nnnn,BBUU,1566,1214,-2034,1270,
0.000000,J025740.98+003742.8,44.4207517,+0.6285636,0.2971,0.2682,149.3,17.007,16.346,12.511,9.158,,,,0.099,0.211,,,,,,438100001351050257,0000,0,nnnn,ABUU,-64,705,-493,743,,J025740.98+003742.8,44.4207517,+0.6285636,0.2971,0.2682,149.3,17.007,16.346,12.511,9.158,,,,0.099,0.211,,,,,,438100001351050257,0000,0,nnnn,ABUU,-64,705,-493,743,
0.000000,J025739.70+003744.8,44.4154490,+0.6291272,0.0786,0.0749,137.4,14.939,14.862,12.731,8.745,15.823,15.153,14.951,0.032,0.062,,,0.077,0.095,0.109,438100001351049635,0000,0,00nn,AAUU,-70,121,-119,127,0.324,J025739.70+003744.8,44.4154490,+0.6291272,0.0786,0.0749,137.4,14.939,14.862,12.731,8.745,15.823,15.153,14.951,0.032,0.062,,,0.077,0.095,0.109,438100001351049635,0000,0,00nn,AAUU,-70,121,-119,127,0.324
0.000000,J025737.75+003753.6,44.4073136,+0.6315582,0.4888,0.4417,149.6,17.562,17.058,12.849,8.868,,,,0.156,0.401,,,,,,438100001351050908,0000,0,nnnn,BCUU,-173,1227,466,1297,,J025737.75+003753.6,44.4073136,+0.6315582,0.4888,0.4417,149.6,17.562,17.058,12.849,8.868,,,,0.156,0.401,,,,,,438100001351050908,0000,0,nnnn,BCUU,-173,1227,466,1297,
0.000000,J025740.55+003758.5,44.4189829,+0.6329247,0.2467,0.2218,149.4,16.757,16.147,12.677,9.374,,,,0.082,0.175,,,,,,438100001351050121,0000,0,0nnn,ABUU,-140,554,1124,581,,J025740.55+003758.5,44.4189829,+0.6329247,0.2467,0.2218,149.4,16.757,16.147,12.677,9.374,,,,0.082,0.175,,,,,,438100001351050121,0000,0,0nnn,ABUU,-140,554,1124,581,
0.000000,J025738.76+003820.1,44.4115049,+0.6389437,0.2165,0.1941,151.1,16.568,15.940,12.283,8.784,,,,0.073,0.152,,,,,,438100001351050002,0000,0,0nnn,ABUU,188,471,-1123,493,,J025738.76+003820.1,44.4115049,+0.6389437,0.2165,0.1941,151.1,16.568,15.940,12.283,8.784,,,,0.073,0.152,,,,,,438100001351050002,0000,0,0nnn,ABUU,188,471,-1123,493,
0.000000,J025738.26+003846.9,44.4094536,+0.6463821,0.1075,0.1010,151.7,15.523,15.259,12.437,8.476,,,,0.041,0.089,0.350,,,,,438100001351049692,0000,0,0nnn,AABU,-58,204,184,212,,J025738.26+003846.9,44.4094536,+0.6463821,0.1075,0.1010,151.7,15.523,15.259,12.437,8.476,,,,0.041,0.089,0.350,,,,,438100001351049692,0000,0,0nnn,AABU,-58,204,184,212,
0.000000,J025737.15+003734.4,44.4048042,+0.6262438,0.3249,0.2920,149.2,17.123,16.127,12.695,8.967,,,,0.112,0.183,,,,,,438100001351050322,0000,0,nnnn,BBUU,-808,760,-1707,810,,J025737.15+003734.4,44.4048042,+0.6262438,0.3249,0.2920,149.2,17.123,16.127,12.695,8.967,,,,0.112,0.183,,,,,,438100001351050322,0000,0,nnnn,BBUU,-808,760,-1707,810,
0.000000,J025738.08+003808.8,44.4086998,+0.6357991,0.4390,0.3922,150.4,17.554,16.359,12.810,9.009,,,,0.159,0.202,,,,,,438100001351051231,0000,0,nnnn,BBUU,83,1117,1018,1183,,J025738.08+003808.8,44.4086998,+0.6357991,0.4390,0.3922,150.4,17.554,16.359,12.810,9.009,,,,0.159,0.202,,,,,,438100001351051231,0000,0,nnnn,BBUU,83,1117,1018,1183,
0.000000,J025736.49+003845.5,44.4020809,+0.6459918,0.2925,0.2600,152.4,16.936,16.595,12.486,9.064,,,,0.093,0.267,,,,,,438100001351050219,0000,0,nnnn,ABUU,645,695,150,741,,J025736.49+003845.5,44.4020809,+0.6459918,0.2925,0.2600,152.4,16.936,16.595,12.486,9.064,,,,0.093,0.267,,,,,,438100001351050219,0000,0,nnnn,ABUU,645,695,150,741,
0.000000,J025738.64+003810.7,44.4110312,+0.6363188,0.4354,0.3948,150.7,17.494,16.585,12.690,8.603,,,,0.151,0.264,0.494,,,,,438100001351050590,0000,0,nnnn,BBCU,-2786,1168,-398,1239,,J025738.64+003810.7,44.4110312,+0.6363188,0.4354,0.3948,150.7,17.494,16.585,12.690,8.603,,,,0.151,0.264,0.494,,,,,438100001351050590,0000,0,nnnn,BBCU,-2786,1168,-398,1239,
0.000000,J025739.60+003844.1,44.4150389,+0.6456025,0.5177,0.4641,153.7,17.608,16.691,12.694,9.096,,,,0.177,0.290,,0.528,,,,438100001351050746,0000,0,nnnn,BBUC,66,1326,-464,1407,,J025739.60+003844.1,44.4150389,+0.6456025,0.5177,0.4641,153.7,17.608,16.691,12.694,9.096,,,,0.177,0.290,,0.528,,,,438100001351050746,0000,0,nnnn,BBUC,66,1326,-464,1407,
0.000000,J025724.34+003751.7,44.3514172,+0.6310499,0.5827,0.5243,150.4,17.722,16.880,12.894,9.218,,,,0.183,,,,,,,438100001351050793,0000,0,nnnn,BUUU,-328,1565,46,1636,,J025724.34+003751.7,44.3514172,+0.6310499,0.5827,0.5243,150.4,17.722,16.880,12.894,9.218,,,,0.183,,,,,,,438100001351050793,0000,0,nnnn,BUUU,-328,1565,46,1636,
0.000000,J025729.76+003822.2,44.3740077,+0.6395200,0.3711,0.3301,152.3,17.358,16.160,12.243,9.186,,,,0.132,0.186,,,,,,438100001351050484,0000,0,nnnn,BBUU,-244,954,-45,1014,,J025729.76+003822.2,44.3740077,+0.6395200,0.3711,0.3301,152.3,17.358,16.160,12.243,9.186,,,,0.132,0.186,,,,,,438100001351050484,0000,0,nnnn,BBUU,-244,954,-45,1014,
0.000000,J025729.23+003748.0,44.3718216,+0.6300008,0.5412,0.4804,150.6,17.816,16.560,12.340,9.260,,,,0.193,0.263,,,,,,438100001351050756,0000,0,nnnn,BBUU,-546,1382,1475,1469,,J025729.23+003748.0,44.3718216,+0.6300008,0.5412,0.4804,150.6,17.816,16.560,12.340,9.260,,,,0.193,0.263,,,,,,438100001351050756,0000,0,nnnn,BBUU,-546,1382,1475,1469,
0.000000,J025724.76+003834.3,44.3531828,+0.6428725,0.0533,0.0520,93.7,13.997,13.696,10.892,8.836,16.099,15.279,15.012,0.026,0.034,0.094,0.391,0.127,0.133,0.153,438100001351049588,0000,0,110n,AAAC,-110,72,-10,74,0.242,J025724.76+003834.3,44.3531828,+0.6428725,0.0533,0.0520,93.7,13.997,13.696,10.892,8.836,16.099,15.279,15.012,0.026,0.034,0.094,0.391,0.127,0.133,0.153,438100001351049588,0000,0,110n,AAAC,-110,72,-10,74,0.242
