tid,mjd,candid,fid,pid,diffmaglim,isdiffpos,nid,distnr,magpsf,magpsf_corr,magpsf_corr_ext,magap,magap_corr,sigmapsf,sigmapsf_corr,sigmapsf_corr_ext,sigmagap,sigmagap_corr,ra,dec,rb,rbversion,drb,magapbig,sigmagapbig,rfid,has_stamp,corrected,dubious,candid_alert,step_id_corr,phase,parent_candid
"ztf",58255.294097200036,"501294094215010005",2,501294094215,20.4812,-1,501,0.834188,18.5328,16.114132,"",18.6088,"",0.057412,100,0.006187789,0.0746,"",228.9328786,19.2577421,0.46,"","",18.6278,0.0912,"",false,true,false,"","bulk_1.0.0",0,516299474215015000
"ztf",58270.29947920004,"516299474215015004",2,516299474215,19.82337,1,516,0.6795897,18.171135,15.864792,"",18.0485,"",0.059663128,100,0.007131299,0.0788,"",228.9327674,19.2577009,0.53333336,"",0,18.0526,0.0989,582120242,false,true,false,"","bulk_1.0.0",0,534254474215015040
"ztf",58273.31711809989,"519317114215010001",2,519317114215,20.44589,-1,519,0.33259386,18.4326,16.125505,"",18.4237,"",0.05239162,100,0.0062578344,0.0709,"",228.93261,19.2579397,0.44,"",0,18.4155,0.0858,582120242,false,true,false,"","bulk_1.0.0",0,534254474215015040
"ztf",58288.25447920011,"534254474215015043",2,534254474215,20.638126,1,534,0.32899788,18.407656,15.890496,"",18.2645,"",0.08284279,100,0.008154381,0.0582,"",228.9327122,19.2577894,0.7266667,"",0,18.2083,0.066,582120242,false,true,false,"","bulk_1.0.0",0,540271114215015040
"ztf",58294.27111109998,"540271114215015034",2,540271114215,19.90449,1,540,0.36610374,17.712664,15.798661,"",17.7817,"",0.07431029,100,0.012748178,0.0622,"",228.9327637,19.257815,0.76,"",0,17.8437,0.0823,582120242,false,true,false,"","bulk_1.0.0",0,544269784215010000
"ztf",58298.26978009986,"544269784215010002",2,544269784215,19.822355,-1,544,0.057174955,18.314516,16.140509,"",18.5005,"",0.08917246,100,0.012040037,0.1155,"",228.9326559,19.2578717,0.80333334,"",0,18.4811,0.1426,582120242,true,true,false,"","bulk_1.0.0",0,0
"ztf",58343.15265050018,"589152654215015010",2,589152654215,20.239891,1,589,0.35867712,17.853445,15.821552,"",17.7667,"",0.090106115,100,0.01386747,0.0502,"",228.9327524,19.2577992,0.67333335,"t8_f5_c3",0,17.7557,0.0611,582120242,false,true,false,"","bulk_1.0.0",0,611145854215010000
"ztf",58362.141342599876,"608141344215015008",2,608141344215,20.449408,1,608,0.5483599,17.975689,15.839493,"",18.0443,"",0.08779297,100,0.012273866,0.0535,"",228.9328067,19.2577804,0.6933333,"t8_f5_c3",0,18.051,0.0651,582120242,false,true,false,"","bulk_1.0.0",0,611145854215010000
"ztf",58365.14585650014,"611145854215010005",2,611145854215,20.469604,-1,611,0.5925268,18.639158,16.103268,"",18.6571,"",0.1607453,100,0.015551851,0.0888,"",228.9326059,19.2580263,0.6166667,"t8_f5_c3",0,18.7266,0.1151,582120242,true,true,false,"","bulk_1.0.0",0,0
"ztf",58468.54569440009,"714545694215015008",1,714545694215,20.248102,1,714,0.32782218,17.248835,15.761611,"",17.2342,"",0.05334586,0.0076596965,0.01355849,0.026,"",228.9326898,19.2577765,0.80333334,"t8_f5_c3",0,17.2419,0.0311,582120142,false,true,false,"","bulk_1.0.0",0,733515394215010000
"ztf",58480.52782410011,"726527824215015022",1,726527824215,19.417477,1,726,0.3674444,17.708767,15.861348,"",17.768,"",0.06814958,0.0020292315,0.0124307,0.0563,"",228.9326658,19.2577613,0.85,"t8_f5_c3",0,17.7871,0.0712,582120142,false,true,false,"","bulk_1.0.0",0,733515394215010000
"ztf",58487.515393500216,"733515394215010011",1,733515394215,20.598854,-1,733,0.17165303,18.418505,16.213915,"",18.3769,"",0.116858125,100,0.015339921,0.0599,"",228.9326262,19.2578852,0.75,"t8_f5_c3",0,18.3781,0.0719,582120142,false,true,false,"","bulk_1.0.0",0,748471184215010000
"ztf",58487.548726900015,"733548724215010004",2,733548724215,20.6357,-1,733,0.105315,18.5606,16.11118,"",18.5796,"",0.36544,0.030456878,0.038286656,0.0762,"",228.9326626,19.2579011,0.416667,"t12_f5_c3","",18.5525,0.0898,"",false,true,false,"","bulk_1.0.0",0,748471184215010000
"ztf",58491.51533559989,"737515334215010017",1,737515334215,19.988878,-1,737,0.15424308,18.101126,16.263418,"",18.1057,"",0.067550756,100,0.012432171,0.0591,"",228.9327149,19.2578441,0.8,"t8_f5_c3",0,18.1145,0.0727,582120142,false,true,false,"","bulk_1.0.0",0,748471184215010000
"ztf",58502.471180600114,"748471184215010000",1,748471184215,18.85302,-1,748,0.39367568,18.436663,16.211554,"",18.6766,"",0.21068569,0.021208934,0.027138859,0.2472,"",228.9326872,19.2579745,0.5757143,"t15_f5_c3",0,18.672,0.3142,582120142,false,true,false,"","bulk_1.0.0",0,772545184215010000
"ztf",58505.46880789986,"751468804215010001",1,751468804215,18.854755,-1,751,0.35143453,18.63174,16.188793,"",18.7029,"",0.1645412,0.005080686,0.017341875,0.2107,"",228.9326412,19.2579582,0.65,"t15_f5_c3",0,18.6741,0.2616,582120142,false,true,false,"","bulk_1.0.0",0,772545184215010000
"ztf",58508.5172917,"754517294215015011",2,754517294215,19.765196,1,754,0.6235331,17.918673,15.83134,"",17.9163,"",0.09182246,100,0.013428135,0.0661,"",228.9328251,19.2577677,0.7285714,"t15_f5_c3",0,17.8928,0.0807,582120242,false,true,false,"","bulk_1.0.0",0,772545184215010000
"ztf",58511.502569399774,"757502564215015007",1,757502564215,19.629,1,757,0.235212,17.0463,15.706446,"",17.0299,"",0.054869,0.011919194,0.01597295,0.0297,"",228.9326987,19.2578024,0.657143,"t15_f5_c3","",17.0244,0.0364,"",false,true,false,"","bulk_1.0.0",0,772545184215010000
"ztf",58522.51800929988,"768518004215015028",1,768518004215,20.646189,1,768,0.16038875,17.870207,15.889061,"",17.9799,"",0.0856698,0.005708641,0.01381559,0.0397,"",228.9326941,19.2578283,0.7214286,"t15_f5_c3",0,17.9846,0.0464,582120142,false,true,false,"","bulk_1.0.0",0,772545184215010000
"ztf",58526.52406249987,"772524064215015023",2,772524064215,20.142172,1,772,0.5774049,17.972225,15.839008,"",17.9217,"",0.05738353,100,0.008044525,0.0511,"",228.9327096,19.2577149,0.83428574,"t15_f5_c3",0,17.9076,0.0613,582120242,false,true,false,"","bulk_1.0.0",0,772545184215010000
"ztf",58526.54518519994,"772545184215010006",1,772545184215,20.222023,-1,772,0.471579,19.06629,16.151691,"",18.8104,"",0.16371493,100,0.0111750355,0.1066,"",228.9326009,19.2579782,0.56714284,"t15_f5_c3",0,18.6957,0.1165,582120142,false,true,false,"","bulk_1.0.0",0,789505204215015200
"ztf",58539.37192129996,"785371924215010005",2,785371924215,19.351,-1,785,0.295499,18.2815,16.145044,"",18.2882,"",0.191221,0.011893256,0.026727198,0.1424,"",228.9326125,19.2579268,0.402857,"t15_f5_c3","",18.3804,0.1968,"",false,true,false,"","bulk_1.0.0",0,789505204215015200
"ztf",58543.50520829996,"789505204215015207",1,789505204215,19.980392,1,789,0.23694469,18.079584,15.920213,"",18.072,"",0.09054138,100,0.012390779,0.0667,"",228.9326696,19.2577978,0.4557143,"t15_f5_c3",0,18.0275,0.077,582120142,false,true,false,"","bulk_1.0.0",0,793416574215015000
"ztf",58543.50520829996,"789505204215025207",1,789505204215,19.9804,1,789,0.236945,18.0796,15.920215,"",18.072,"",0.090541,100,0.012390577,0.0667,"",228.9326696,19.2577978,0.455714,"t15_f5_c3","",18.0275,0.077,"",false,true,false,"","bulk_1.0.0",0,802502234215020000
"ztf",58547.41657410003,"793416574215015022",1,793416574215,20.59715,1,793,0.27584606,17.744162,15.867719,"",17.6086,"",0.076581955,0.0057261554,0.013600323,0.0292,"",228.9326892,19.2577884,0.61714286,"t15_f5_c3",0,17.5828,0.0332,582120142,false,true,false,"","bulk_1.0.0",0,802502234215020000
"ztf",58556.50223380001,"802502234215020014",2,802502234215,20.091026,-1,802,0.5405129,18.336084,16.137629,"",18.3863,"",0.10611717,100,0.014008884,0.0636,"",228.9326747,19.2577199,0.74857146,"t15_f5_c3",0,18.4177,0.0792,582120242,false,true,false,"","bulk_1.0.0",0,829374094215015000
"ztf",58568.338634300046,"814338634215010000",2,814338634215,17.7164,-1,814,0.247684,17.5899,16.28941,"",17.9298,"",0.217211,0.059595536,0.06556715,0.5338,"",228.9327449,19.2579032,0.228571,"t15_f5_c3","",17.7795,0.5964,"",false,true,false,"","bulk_1.0.0",0,829374094215015000
"ztf",58580.479050899856,"826479054215010014",2,826479054215,20.219997,-1,826,0.28706136,18.350574,16.13573,"",18.2898,"",0.15713781,100,0.020433519,0.0765,"",228.9326266,19.2579434,0.2742857,"t15_f5_c3",0,18.2383,0.0901,582120242,false,true,false,"","bulk_1.0.0",0,829374094215015000
"ztf",58583.35140050016,"829351404215010028",2,829351404215,20.041468,-1,829,0.5139416,18.57234,16.109957,"",18.5043,"",0.15625039,100,0.016175864,0.083,"",228.9325669,19.2579743,0.5757143,"t15_f5_c3",0,18.4,0.0924,582120242,false,true,false,"","bulk_1.0.0",0,829374094215015000
"ztf",58583.37409720011,"829374094215015009",1,829374094215,20.341837,1,829,0.6602375,17.961521,15.903277,"",18.0979,"",0.07444884,100,0.011183054,0.0465,"",228.9326969,19.2576751,0.69142854,"t15_f5_c3",0,18.097,0.0545,582120142,false,true,false,"","bulk_1.0.0",0,838439784215015000
"ztf",58586.35658559995,"832356584215015007",2,832356584215,20.224201,1,832,0.5793588,18.185883,15.866544,"",18.125,"",0.07763889,100,0.00916946,0.0629,"",228.932756,19.2577318,0.6514286,"t15_f5_c3",0,18.101,0.0751,582120242,false,true,false,"","bulk_1.0.0",0,838439784215015000
"ztf",58592.43978009978,"838439784215015003",1,838439784215,19.10458,1,838,0.26127556,18.05418,15.916701,"",18.6254,"",0.093909055,0.0023264026,0.013113416,0.2646,"",228.932727,19.2578104,0.49857143,"t15_f5_c3",0,18.5671,0.3205,582120142,false,true,false,"","bulk_1.0.0",0,865269464215010000
"ztf",58596.33152779983,"842331524215010018",2,842331524215,19.857504,-1,842,0.33855346,18.394234,16.13018,"",18.6386,"",0.14859806,100,0.018466804,0.1245,"",228.9327027,19.2579666,0.53571427,"t15_f5_c3",0,18.6905,0.1636,582120242,false,true,false,"","bulk_1.0.0",0,865269464215010000
"ztf",58596.440266199876,"842440264215015009",1,842440264215,19.77632,1,842,0.5412791,18.564672,15.975116,"",18.7382,"",0.15100373,0.0028058959,0.013904809,0.1492,"",228.9328025,19.2577742,0.61714286,"t15_f5_c3",0,18.6313,0.1698,582120142,false,true,false,"","bulk_1.0.0",0,865269464215010000
"ztf",58612.294652800076,"858294654215015007",1,858294654215,20.9684,1,858,0.205977,17.2791,15.769224,"",17.2589,"",0.059674,0.009680035,0.014853697,0.0202,"",228.9327186,19.2578287,0.532857,"t15_f5_c3","",17.2489,0.0224,"",false,true,false,"","bulk_1.0.0",0,865269464215010000
"ztf",58616.274178199936,"862274174215010012",1,862274174215,20.000622,-1,862,0.14638734,18.647331,16.187164,"",18.4801,"",0.1431399,100,0.0148488805,0.1035,"",228.9326397,19.2578923,0.6314286,"t15_f5_c3",0,18.3312,0.1128,582120142,false,true,false,"","bulk_1.0.0",0,865269464215010000
"ztf",58616.36078700004,"862360784215015009",2,862360784215,20.260641,1,862,0.61395955,18.04115,15.848411,"",18.1084,"",0.08881785,100,0.011787044,0.0649,"",228.9326544,19.2577034,0.58428574,"t15_f5_c3",0,18.0856,0.0778,582120242,false,true,false,"","bulk_1.0.0",0,865269464215010000
"ztf",58619.269467600156,"865269464215010008",1,865269464215,18.998034,-1,865,0.3288556,18.247662,16.238478,"",18.2455,"",0.109920934,100,0.017274562,0.1661,"",228.9326293,19.2579479,0.6514286,"t15_f5_c3",0,18.3794,0.2399,582120142,false,true,false,"","bulk_1.0.0",0,878342124215010000
"ztf",58628.33115739981,"874331154215010015",2,874331154215,20.489592,-1,874,0.1147311,18.109734,16.171373,"",18.186,"",0.09630372,100,0.016154688,0.0571,"",228.9326761,19.2578424,0.91714287,"t17_f5_c3",0,18.2053,0.0704,582120242,false,true,false,"","bulk_1.0.0",0,903211454215015000
"ztf",58632.34212959977,"878342124215010018",1,878342124215,20.608093,-1,878,0.32091084,18.322906,16.227114,"",18.3428,"",0.10748298,100,0.01559633,0.0583,"",228.9325977,19.2579219,0.8742857,"t17_f5_c3",0,18.3118,0.0682,582120142,false,true,false,"","bulk_1.0.0",0,903211454215015000
"ztf",58635.21328700008,"881213284215010018",1,881213284215,20.816692,-1,881,0.052510023,18.36324,16.221384,"",18.3433,"",0.1436571,0.010355847,0.019979505,0.0525,"",228.9326563,19.2578667,0.80714285,"t17_f5_c3",0,18.3177,0.0605,582120142,false,true,false,"","bulk_1.0.0",0,909212704215010000
"ztf",58641.19087960012,"887190874215010016",1,887190874215,20.686169,-1,887,0.33564362,18.278202,16.233755,"",18.2037,"",0.18472399,0.022160392,0.028102491,0.0532,"",228.9325983,19.2579271,0.55285716,"t17_f5_c3",0,18.2398,0.0659,582120142,false,true,false,"","bulk_1.0.0",0,909212704215010000
"ztf",58647.25142360013,"893251424215010009",2,893251424215,19.8001,-1,893,0.457147,18.4477,16.123716,"",18.4226,"",0.203585,0.0047302414,0.023941534,0.1214,"",228.9325845,19.2579683,0.422857,"t17_f5_c3","",18.546,0.1717,"",false,true,false,"","bulk_1.0.0",0,909212704215010000
"ztf",58650.19219909981,"896192194215010005",1,896192194215,19.324535,-1,896,0.2996215,18.18777,16.248198,"",18.2574,"",0.13634415,0.014670168,0.022845855,0.1716,"",228.9326668,19.2579483,0.6028572,"t17_f5_c3",0,18.4703,0.2665,582120142,false,true,false,"","bulk_1.0.0",0,909212704215010000
"ztf",58653.275300899986,"899275304215010014",1,899275304215,19.679127,-1,899,0.1975849,18.21233,16.244137,"",18.1409,"",0.10534159,100,0.017191852,0.099,"",228.9326315,19.2579036,0.94857144,"t17_f5_c3",0.9943459,18.1178,0.1227,582120142,false,true,false,"","bulk_1.0.0",0,909212704215010000
"ztf",58657.211458299775,"903211454215015020",1,903211454215,20.710588,1,903,0.29960123,16.985022,15.688248,"",17.044,"",0.047717284,0.0099778045,0.014453267,0.0188,"",228.93273,19.2577975,0.82714283,"t17_f5_c3",0.99999976,17.0222,0.0212,582120142,false,true,false,"","bulk_1.0.0",0,909212704215010000
"ztf",58663.21270829998,"909212704215010021",1,909212704215,20.766653,-1,909,0.31763902,18.304216,16.229853,"",18.1766,"",0.13155636,0.009085937,0.019470012,0.0469,"",228.9325938,19.2579095,0.6542857,"t17_f5_c3",0.9195091,18.1464,0.0541,582120142,false,true,false,"","bulk_1.0.0",0,930205754215010000
"ztf",58669.1842939998,"915184294215010016",2,915184294215,20.393873,-1,915,0.23412146,18.243654,16.15044,"",18.2464,"",0.103307374,100,0.01502609,0.0628,"",228.9326158,19.2579049,0.91714287,"t17_f5_c3",0.98003066,18.2688,0.0783,582120242,false,true,false,"","bulk_1.0.0",0,930205754215010000
"ztf",58672.182106500026,"918182104215015018",1,918182104215,20.448399,1,918,0.33846346,17.550602,15.830727,"",17.5838,"",0.0765933,0.01023337,0.015712336,0.0361,"",228.9327538,19.2578093,0.89285713,"t17_f5_c3",0.999997,17.5917,0.0439,582120142,false,true,false,"","bulk_1.0.0",0,930205754215010000
"ztf",58675.299918999895,"921299914215010010",1,921299914215,19.673613,-1,921,0.3611965,18.04209,16.274641,"",18.106,"",0.1311562,0.018469756,0.02575192,0.0983,"",228.932665,19.2579658,0.8685714,"t17_f5_c3",0.9299049,18.1848,0.1338,582120142,false,true,false,"","bulk_1.0.0",0,930205754215010000
"ztf",58681.16799770016,"927167994215010005",1,927167994215,19.450972,-1,927,0.25440046,18.311052,16.228844,"",18.2864,"",0.11186564,100,0.016436657,0.1279,"",228.932612,19.2579052,0.9514286,"t17_f5_c3",0.99994326,18.3484,0.1722,582120142,false,true,false,"","bulk_1.0.0",0,930205754215010000
"ztf",58684.2057523001,"930205754215010018",1,930205754215,20.597816,-1,930,0.37634927,18.173218,16.250656,"",18.1217,"",0.10848959,0.0057329875,0.018465595,0.0492,"",228.9325948,19.2579382,0.87714285,"t17_f5_c3",0.9766941,18.0826,0.0573,582120142,false,true,false,"","bulk_1.0.0",0,936171294215010000
"ztf",58690.1712962999,"936171294215010009",2,936171294215,20.527056,-1,936,0.19141604,18.240625,16.150883,"",18.1282,"",0.19657794,0.015610126,0.028683852,0.0562,"",228.9327175,19.2579123,0.5857143,"t17_f5_c3",0.6941664,18.0758,0.0653,582120242,false,true,false,"","bulk_1.0.0",0,936194324215015000
"ztf",58690.19432870019,"936194324215015018",1,936194324215,20.677212,1,936,0.48235035,17.53907,15.828351,"",17.7122,"",0.089891575,0.014293188,0.018596508,0.0358,"",228.9328007,19.2577999,0.7342857,"t17_f5_c3",0.99449533,17.7036,0.0418,582120142,false,true,false,"","bulk_1.0.0",0,961154614215015000
"ztf",58693.23468750017,"939234684215015020",1,939234684215,20.337519,1,939,0.5570761,18.05217,15.91642,"",18.1385,"",0.15878645,0.018075984,0.02220821,0.0595,"",228.9327738,19.2577417,0.81285715,"t17_f5_c3",0.99711204,18.1416,0.072,582120142,false,true,false,"","bulk_1.0.0",0,969153544215010000
"ztf",58698.1958912001,"944195894215010016",1,944195894215,18.360588,-1,944,0.23219834,17.314245,16.500086,"",17.2677,"",0.09085126,0.036801882,0.042920727,0.1521,"",228.9326414,19.2579218,0.8142857,"t17_f5_c3",0.9999962,17.1014,0.1666,582120142,false,true,false,"","bulk_1.0.0",0,969153544215010000
"ztf",58705.25008099992,"951250084215010008",1,951250084215,19.45939,-1,951,0.39597002,18.083658,16.266663,"",18.1213,"",0.13005853,0.01667016,0.024397248,0.1181,"",228.9325801,19.2579315,0.8742857,"t17_f5_c3",0.97376764,18.0869,0.1454,582120142,false,true,false,"","bulk_1.0.0",0,969153544215010000
"ztf",58708.17520829989,"954175204215010009",1,954175204215,19.694988,-1,954,0.32180393,18.36644,16.22094,"",18.348,"",0.13194205,0.006540522,0.018288702,0.1246,"",228.9325833,19.2578927,0.7557143,"t17_f5_c3",0.96715164,18.4945,0.1806,582120142,false,true,false,"","bulk_1.0.0",0,969153544215010000
"ztf",58712.14942129981,"958149424215010010",1,958149424215,20.014267,-1,958,0.4326443,18.418049,16.213976,"",18.2152,"",0.14990099,0.00997946,0.019686794,0.0835,"",228.9325453,19.2578452,0.68285716,"t17_f5_c3",0.9476955,18.2533,0.1084,582120142,false,true,false,"","bulk_1.0.0",0,969153544215010000
"ztf",58712.23835649993,"958238354215010014",2,958238354215,19.6788,-1,958,0.235934,18.3671,16.1336,"",18.5295,"",0.279327,0.026717234,0.035703685,0.1537,"",228.932725,19.2579237,0.434286,"t17_f5_c3","",18.5338,0.1955,"",false,true,false,"","bulk_1.0.0",0,969153544215010000
"ztf",58715.1546180998,"961154614215015018",1,961154614215,20.518547,1,961,0.4447405,17.527136,15.825871,"",17.6014,"",0.07377808,0.009806217,0.015396485,0.0356,"",228.9327775,19.2577877,0.8657143,"t17_f5_c3",0.7938951,17.62,0.0434,582120142,false,true,false,"","bulk_1.0.0",0,969153544215010000
"ztf",58718.15686339978,"964156864215010022",1,964156864215,20.4731,-1,964,0.498349,18.473,16.20696,"",18.4057,"",0.210452,0.019930659,0.026105829,0.0708,"",228.9325642,19.257957,0.421429,"t17_f5_c3","",18.4277,0.0878,"",false,true,false,"","bulk_1.0.0",0,969153544215010000
"ztf",58723.15354169998,"969153544215010018",1,969153544215,20.21127,-1,969,0.23393098,18.315022,16.228262,"",18.3545,"",0.10075375,100,0.014742037,0.0746,"",228.9326205,19.257819,0.93285716,"t17_f5_c3",0.9999521,18.371,0.093,582120142,false,true,false,"","bulk_1.0.0",0,972163354215015000
"ztf",58726.16335650021,"972163354215015015",1,972163354215,20.240652,1,972,0.42209864,17.71869,15.863152,"",17.6861,"",0.09077183,0.010916107,0.016433697,0.044,"",228.9327191,19.2577551,0.9285714,"t17_f5_c3",0.9994425,17.6325,0.0509,582120142,false,true,false,"","bulk_1.0.0",0,980170504215010000
"ztf",58734.170509300195,"980170504215010007",1,980170504215,19.470936,-1,980,0.30684358,18.192516,16.247404,"",18.2209,"",0.11644359,0.008399738,0.019412035,0.1112,"",228.9325923,19.2579084,0.94,"t17_f5_c3",0.9998593,18.2855,0.1494,582120142,false,true,false,"","bulk_1.0.0",0,1006144614215010000
"ztf",58737.17476850003,"983174764215015006",2,983174764215,19.341312,1,983,0.46126696,17.856579,15.822034,"",17.96,"",0.10507815,100,0.016132237,0.1028,"",228.932799,19.2578211,0.93142855,"t17_f5_c3",0.99992,17.9475,0.1287,582120242,false,true,false,"","bulk_1.0.0",0,1006144614215010000
"ztf",58749.13247689977,"995132474215010015",1,995132474215,19.88036,-1,995,0.6537188,18.18689,16.248346,"",18.4182,"",0.17245221,0.023016682,0.028923528,0.1035,"",228.9324909,19.2579263,0.5385714,"t17_f5_c3",0.9524895,18.4801,0.1367,582120142,false,true,false,"","bulk_1.0.0",0,1006144614215010000
"ztf",58760.14461810002,"1006144614215010010",1,1006144614215,19.108644,-1,1006,0.5109403,17.69117,16.359188,"",18.1549,"",0.18886492,0.051872246,0.05538077,0.1336,"",228.9327982,19.2577808,0.5442857,"t17_f5_c3",0.17350101,18.1108,0.1631,582120142,true,true,false,"","bulk_1.0.0",0,0
"ztf",58850.50773150008,"1096507734215010037",2,1096507734215,19.7026,-1,1096,0.700394,18.5907,16.108072,"",18.6,"",0.12379,100,0.012578668,0.1019,"",228.9327066,19.2580701,0.754286,"t17_f5_c3","",18.5662,0.1226,"",false,true,false,"","bulk_1.0.0",0,1110462624215015000
"ztf",58850.55835650023,"1096558354215010033",1,1096558354215,20.1734,-1,1096,0.383295,18.7651,16.175648,"",18.6316,"",0.169324,100,0.015593272,0.0798,"",228.9326095,19.2579532,0.818571,"t17_f5_c3","",18.5897,0.0931,"",false,true,false,"","bulk_1.0.0",0,1110462624215015000
"ztf",58853.537835599855,"1099537834215010024",1,1099537834215,20.3371,-1,1099,0.102608,18.232,16.240961,"",18.1876,"",0.085132,100,0.013604318,0.0528,"",228.9326627,19.2578916,0.934286,"t17_f5_c3","",18.1804,0.0637,"",false,true,false,"","bulk_1.0.0",0,1110462624215015000
"ztf",58856.54770829994,"1102547704215015007",1,1102547704215,20.278688,1,1102,0.262109,18.016363,15.911341,"",18.1181,"",0.079926394,100,0.011499559,0.0511,"",228.9326493,19.2577944,0.94,"t17_f5_c3",0.99998516,18.1032,0.0603,582120142,false,true,false,"","bulk_1.0.0",0,1110462624215015000
"ztf",58861.504467600025,"1107504464215010017",1,1107504464215,19.1865,-1,1107,0.558938,18.4204,16.213667,"",18.2983,"",0.119602,100,0.015669128,0.1266,"",228.9325225,19.2577999,0.897143,"t17_f5_c3","",18.1122,0.1356,"",false,true,false,"","bulk_1.0.0",0,1110462624215015000
"ztf",58864.46262730006,"1110462624215015009",1,1110462624215,19.194109,1,1110,0.22471227,17.091114,15.719302,"",17.0298,"",0.05776542,0.012281633,0.01632838,0.0457,"",228.9326945,19.2578041,0.9457143,"t17_f5_c3",0.99999905,16.9941,0.0557,582120142,false,true,false,"","bulk_1.0.0",0,1118444354215015000
"ztf",58872.4443518999,"1118444354215015004",1,1118444354215,20.349665,1,1118,0.33596593,18.045317,15.915459,"",18.0569,"",0.10237504,0.006409731,0.014396303,0.0579,"",228.9326905,19.2577711,0.73714286,"t17_f5_c3",0.997718,18.1128,0.0737,582120142,false,true,false,"","bulk_1.0.0",0,1136544514215015000
"ztf",58875.5550694,"1121555064215010028",2,1121555064215,20.1682,-1,1121,0.160505,18.1919,16.158178,"",18.143,"",0.086853,100,0.013344307,0.0513,"",228.9326457,19.2579082,0.934286,"t17_f5_c3","",18.1419,0.0622,"",false,true,false,"","bulk_1.0.0",0,1136544514215015000
"ztf",58878.540914400015,"1124540914215010021",1,1124540914215,20.280424,-1,1124,0.17021596,18.20151,16.245913,"",18.1805,"",0.083696105,100,0.013818683,0.0493,"",228.9327128,19.2578943,0.86714286,"t17_f5_c3",0.9999963,18.1153,0.0561,582120142,false,true,false,"","bulk_1.0.0",0,1136544514215015000
"ztf",58878.56046300009,"1124560464215015006",2,1124560464215,19.920542,1,1124,0.50721955,17.941021,15.834579,"",17.8216,"",0.080586374,100,0.011579369,0.0428,"",228.9326801,19.257732,0.81285715,"t17_f5_c3",0.9997379,17.7754,0.0496,582120242,false,true,false,"","bulk_1.0.0",0,1136544514215015000
"ztf",58881.52118059993,"1127521184215010020",1,1127521184215,20.5308,-1,1127,0.238306,18.3925,16.217375,"",18.3128,"",0.102746,100,0.013858467,0.0554,"",228.9326999,19.2579269,0.945714,"t17_f5_c3","",18.3175,0.067,"",false,true,false,"","bulk_1.0.0",0,1136544514215015000
"ztf",58884.55805560015,"1130558054215010032",2,1130558054215,20.0679,-1,1130,0.090564,18.3871,16.13107,"",18.302,"",0.106201,100,0.013295863,0.0691,"",228.932662,19.2578952,0.942857,"t17_f5_c3","",18.3099,0.0857,"",false,true,false,"","bulk_1.0.0",0,1160519024215015000
"ztf",58887.46155089978,"1133461554215015006",1,1133461554215,19.422985,1,1133,0.29936066,17.640285,15.84853,"",17.6718,"",0.09085566,0.012546058,0.017444154,0.0805,"",228.9326876,19.2577789,0.9457143,"t17_f5_c3",0.9993864,17.6727,0.1021,582120142,false,true,false,"","bulk_1.0.0",0,1160519024215015000
"ztf",58890.54451389983,"1136544514215015002",1,1136544514215,18.993351,1,1136,0.34237427,17.114832,15.725954,"",17.1034,"",0.0592817,0.012445946,0.016495649,0.043,"",228.9327675,19.2578241,0.8585714,"t17_f5_c3",0.99990237,17.0605,0.0521,582120142,false,true,false,"","bulk_1.0.0",0,1160519024215015000
"ztf",58906.52019680012,"1152520194215020010",2,1152520194215,19.6463,-1,1152,0.360537,18.1244,16.168932,"",18.2355,"",0.107415,100,0.017736908,0.0889,"",228.9326223,19.2579625,0.944286,"t17_f5_c3","",18.2316,0.1107,"",false,true,false,"","bulk_1.0.0",0,1160519024215015000
"ztf",58906.52288189996,"1152522884215020024",1,1152522884215,19.8324,-1,1152,0.197129,18.1481,16.25499,"",18.089,"",0.098671,100,0.017256208,0.0605,"",228.9326588,19.2578109,0.907143,"t17_f5_c3","",18.0284,0.0706,"",false,true,false,"","bulk_1.0.0",0,1160519024215015000
"ztf",58911.52400460001,"1157524004215010024",1,1157524004215,20.2019,-1,1157,0.700653,19.004,16.156076,"",19.0539,"",0.171819,100,0.012471017,0.1159,"",228.9324694,19.2578932,0.712857,"t17_f5_c3","",18.9767,0.1309,"",false,true,false,"","bulk_1.0.0",0,1160519024215015000
"ztf",58914.51902779983,"1160519024215015014",2,1160519024215,20.696087,1,1160,0.60113806,17.895863,15.827973,"",17.945,"",0.11961958,100,0.017809294,0.0434,"",228.9327497,19.2577197,0.54714286,"t17_f5_c3",0.9362892,17.8993,0.0494,582120242,false,true,false,"","bulk_1.0.0",0,1185441594215010000
"ztf",58936.462812500075,"1182462814215010019",1,1182462814215,20.7468,-1,1182,0.424005,18.2985,16.230701,"",18.3003,"",0.148091,0.01375545,0.02205002,0.0531,"",228.9325869,19.2579528,0.778571,"t17_f5_c3","",18.2729,0.0619,"",false,true,false,"","bulk_1.0.0",0,1211401354215015000
"ztf",58939.4415972,"1185441594215010009",1,1185441594215,19.54064,-1,1185,0.15473552,18.660456,16.185812,"",18.6701,"",0.16460943,0.0032400328,0.016849887,0.1787,"",228.9326553,19.2578247,0.89857143,"t17_f5_c3",0.9985373,18.8118,0.2554,582120142,false,true,false,"","bulk_1.0.0",0,1211401354215015000
"ztf",58943.41949070012,"1189419494215010012",1,1189419494215,19.9085,-1,1189,0.287865,18.7025,16.181599,"",18.5222,"",0.12294,100,0.012059594,0.1126,"",228.9325907,19.2578827,0.788571,"t17_f5_c3","",18.4729,0.1352,"",false,true,false,"","bulk_1.0.0",0,1216395064215015000
"ztf",58943.46392360004,"1189463924215010021",2,1189463924215,20.0081,-1,1189,0.309711,18.2113,16.155228,"",18.2569,"",0.122876,100,0.018494321,0.0785,"",228.9325839,19.2578812,0.905714,"t17_f5_c3","",18.2282,0.0953,"",false,true,false,"","bulk_1.0.0",0,1216395064215015000
"ztf",58944.43754629977,"1190437544215010010",1,1190437544215,19.576,-1,1190,0.112549,18.2025,16.24575,"",18.1248,"",0.102636,100,0.016927773,0.0942,"",228.9326555,19.2578906,0.958571,"t17_f5_c3","",18.2204,0.1301,"",false,true,false,"","bulk_1.0.0",0,1216395064215015000
"ztf",58954.39641200006,"1200396414215015012",1,1200396414215,20.38804,1,1200,0.2951749,17.585896,15.837874,"",17.6514,"",0.083041355,0.011467004,0.016599149,0.0339,"",228.9327035,19.2577866,0.95428574,"t17_f5_c3",0.99999,17.6754,0.0411,582120142,false,true,false,"","bulk_1.0.0",0,1216395064215015000
"ztf",58962.37457180023,"1208374574215015008",1,1208374574215,20.635475,1,1208,0.20561117,18.118505,15.925458,"",18.1563,"",0.087091684,100,0.011554671,0.0504,"",228.9327052,19.2578145,0.8914286,"t17_f5_c3",0.99987257,18.1744,0.0608,582120142,false,true,false,"","bulk_1.0.0",0,1216395064215015000
"ztf",58963.372569399886,"1209372564215010014",1,1209372564215,20.6496,-1,1209,0.24402,18.3597,16.221876,"",18.1778,"",0.14195,0.010022671,0.019815559,0.0488,"",228.9326016,19.2578661,0.847143,"t17_f5_c3","",18.1568,0.0575,"",false,true,false,"","bulk_1.0.0",0,1216395064215015000
"ztf",58963.42479170021,"1209424794215010014",1,1209424794215,20.5851,-1,1209,0.107622,18.1933,16.247274,"",18.1179,"",0.10318,100,0.01718641,0.0469,"",228.9326402,19.2578623,0.875714,"t17_f5_c3","",18.0965,0.0554,"",false,true,false,"","bulk_1.0.0",0,1216395064215015000
"ztf",58964.357511600014,"1210357514215010014",1,1210357514215,20.650665,-1,1210,0.22319521,18.647367,16.18716,"",18.425,"",0.124765664,100,0.012942319,0.059,"",228.9326961,19.2578062,0.81857145,"t17_f5_c3",0.9999486,18.369,0.0677,582120142,false,true,false,"","bulk_1.0.0",0,1216395064215015000
"ztf",58964.357511600014,"1210357514215010015",1,1210357514215,20.6507,-1,1210,0.133871,18.4457,16.210396,"",18.353,"",0.074592,100,0.009518544,0.0564,"",228.9326878,19.2579009,0.898571,"t17_f5_c3","",18.3787,0.0692,"",false,true,false,"","bulk_1.0.0",0,1216395064215015000
"ztf",58964.40496530011,"1210404964215010011",2,1210404964215,20.6693,-1,1210,0.157347,18.1071,16.171816,"",18.0277,"",0.11285,100,0.018984001,0.0449,"",228.9326339,19.2578904,0.748571,"t17_f5_c3","",18.0207,0.0538,"",false,true,false,"","bulk_1.0.0",0,1216395064215015000
"ztf",58965.40135420021,"1211401354215015028",1,1211401354215,20.853807,1,1211,0.20882869,17.261845,15.764903,"",17.2762,"",0.047286477,0.0039946022,0.011911333,0.022,"",228.9327134,19.2578188,0.8842857,"t17_f5_c3",0.9994921,17.2668,0.0251,582120142,false,true,false,"","bulk_1.0.0",0,1216395064215015000
"ztf",58967.29115739977,"1213291154215010017",1,1213291154215,20.5581,-1,1213,0.289508,18.2112,16.244322,"",18.3521,"",0.096633,100,0.015789693,0.0597,"",228.9327302,19.2579264,0.888571,"t17_f5_c3","",18.3527,0.0721,"",false,true,false,"","bulk_1.0.0",0,1216395064215015000
"ztf",58967.35969909979,"1213359694215015010",2,1213359694215,20.472475,1,1213,0.42178494,17.85445,15.821707,"",17.948,"",0.13339344,0.010247176,0.02051338,0.0465,"",228.9327435,19.2577739,0.82285714,"t17_f5_c3",0.9997998,18.0012,0.0586,582120242,false,true,false,"","bulk_1.0.0",0,1216395064215015000
"ztf",58970.39506939985,"1216395064215015006",2,1216395064215,20.607502,1,1216,0.41739342,17.846823,15.820531,"",17.8481,"",0.09090611,100,0.014062945,0.0395,"",228.9327741,19.2578026,0.9014286,"t17_f5_c3",0.9722036,17.8313,0.0462,582120242,false,true,false,"","bulk_1.0.0",0,1217419234215015000
"ztf",58971.41923609981,"1217419234215015009",1,1217419234215,20.502663,1,1217,0.2522487,17.744926,15.867854,"",17.7862,"",0.06425315,100,0.01140422,0.0374,"",228.9327452,19.2578507,0.95428574,"t17_f5_c3",0.99999964,17.7426,0.0429,582120142,false,true,false,"","bulk_1.0.0",0,1227294944215015000
"ztf",58974.283472199924,"1220283474215010010",2,1220283474215,19.7552,-1,1220,0.2461,18.1542,16.16409,"",17.9968,"",0.180378,0.015457987,0.028849557,0.0898,"",228.9326259,19.2579248,0.425714,"t17_f5_c3","",17.9818,0.1123,"",false,true,false,"","bulk_1.0.0",0,1227294944215015000
"ztf",58975.380659699906,"1221380654215015012",2,1221380654215,19.289297,1,1221,0.33269158,18.1646,15.864008,"",18.4005,"",0.11267168,100,0.013538731,0.1586,"",228.9326796,19.2577811,0.8914286,"t17_f5_c3",0.9997151,18.4199,0.2053,582120242,false,true,false,"","bulk_1.0.0",0,1227294944215015000
"ztf",58979.3157060002,"1225315704215010013",2,1225315704215,19.9051,-1,1225,0.192773,18.4874,16.11914,"",18.6578,"",0.211532,0.004914794,0.023882102,0.1417,"",228.9326385,19.2579159,0.374286,"t17_f5_c3","",18.616,0.1719,"",false,true,false,"","bulk_1.0.0",0,1227294944215015000
"ztf",58980.40192130022,"1226401924215010017",1,1226401924215,19.777754,-1,1226,0.22407144,18.296087,16.23106,"",18.3136,"",0.09395829,100,0.014025696,0.0914,"",228.9326758,19.2578014,0.9657143,"t17_f5_c3",0.9999948,18.2772,0.1112,582120142,false,true,false,"","bulk_1.0.0",0,1227294944215015000
"ztf",58981.28990740003,"1227289904215010017",2,1227289904215,20.2083,-1,1227,0.116596,18.3986,16.129639,"",18.5101,"",0.091293,100,0.0112941405,0.0743,"",228.9326417,19.2578761,0.931429,"t17_f5_c3","",18.5446,0.0934,"",false,true,false,"","bulk_1.0.0",0,1227294944215015000
"ztf",58981.29494210007,"1227294944215015010",1,1227294944215,20.479288,1,1227,0.30588764,18.66764,15.9842,"",18.7554,"",0.13861115,100,0.011706356,0.0809,"",228.932723,19.2577933,0.91,"t17_f5_c3",0.99986815,18.7779,0.0981,582120142,false,true,false,"","bulk_1.0.0",0,1240269714215015000
"ztf",58985.311747699976,"1231311744215015018",1,1231311744215,20.6083,1,1231,0.41999474,17.813211,15.879665,"",17.9564,"",0.08166093,0.0058096335,0.01375928,0.041,"",228.9327442,19.2577683,0.92285717,"t17_f5_c3",0.999698,17.9518,0.0482,582120142,false,true,false,"","bulk_1.0.0",0,1240269714215015000
"ztf",58991.269571799785,"1237269574215010010",2,1237269574215,20.520815,-1,1237,0.40254813,18.207212,16.155846,"",18.2482,"",0.107856385,100,0.016304173,0.0559,"",228.9326139,19.2577789,0.80285716,"t17_f5_c3",0.99775124,18.2568,0.0682,582120242,false,true,false,"","bulk_1.0.0",0,1240269714215015000
"ztf",58994.26971059991,"1240269714215015021",1,1240269714215,20.828358,1,1240,0.20564319,17.644873,15.849409,"",17.6557,"",0.06291721,100,0.012038828,0.0302,"",228.9327229,19.2578292,0.9085714,"t17_f5_c3",0.9991132,17.645,0.0348,582120142,true,true,false,"","bulk_1.0.0",0,0
"ztf",59012.25398149993,"1258253984215010013",2,1258253984215,20.7648,-1,1258,0.243857,18.0827,16.175974,"",18.0994,"",0.207125,0.025945056,0.035771877,0.0445,"",228.9326053,19.2578999,0.472857,"t17_f5_c3","",18.0781,0.0523,"",false,true,false,"","bulk_1.0.0",0,1280195524215015000
"ztf",59019.2551851999,"1265255184215010013",1,1265255184215,20.7659,-1,1265,0.268761,18.1416,16.25613,"",18.0789,"",0.103106,0.004303711,0.018159179,0.0408,"",228.9326149,19.2579159,0.88,"t17_f5_c3","",18.0822,0.0487,"",false,true,false,"","bulk_1.0.0",0,1289252064215015000
"ztf",59022.232175900135,"1268232174215010015",2,1268232174215,20.7957,-1,1268,0.377615,18.4148,16.127651,"",18.3148,"",0.141835,100,0.017255347,0.0523,"",228.9325706,19.2579076,0.678571,"t17_f5_c3","",18.3201,0.0625,"",false,true,false,"","bulk_1.0.0",0,1289252064215015000
"ztf",59025.19086810015,"1271190864215015002",2,1271190864215,19.663,1,1271,0.420905,17.9506,15.83595,"",17.9277,"",0.247945,0.03043098,0.035358645,0.0927,"",228.9327504,19.257779,0.475714,"t17_f5_c3","",17.9136,0.1152,"",false,true,false,"","bulk_1.0.0",0,1289252064215015000
"ztf",59028.21358799981,"1274213584215010016",2,1274213584215,19.7835,-1,1274,0.436087,18.0694,16.178288,"",18.3111,"",0.183988,0.020738915,0.032236222,0.1098,"",228.9325551,19.2579193,0.475714,"t17_f5_c3","",18.5128,0.1671,"",false,true,false,"","bulk_1.0.0",0,1289252064215015000
"ztf",59031.189351900015,"1277189354215010007",1,1277189354215,19.3995,-1,1277,0.236352,18.3346,16.225428,"",18.2308,"",0.13386,0.008601035,0.019185867,0.1366,"",228.9326781,19.2579308,0.94,"t17_f5_c3","",18.2925,0.1843,"",false,true,false,"","bulk_1.0.0",0,1289252064215015000
"ztf",59034.19552080007,"1280195524215015004",1,1280195524215,19.35793,1,1280,0.13474435,17.909113,15.895242,"",17.873,"",0.11049795,0.011784082,0.017290428,0.0976,"",228.9326951,19.2578331,0.92,"t17_f5_c3",0.9999616,17.8711,0.1239,582120142,false,true,false,"","bulk_1.0.0",0,1289252064215015000
"ztf",59034.33335650014,"1280333354215010010",2,1280333354215,19.3026,-1,1280,0.333198,18.1114,16.171093,"",18.0479,"",0.175053,0.016066879,0.029312074,0.1258,"",228.9325785,19.257876,0.688571,"t17_f5_c3","",17.9103,0.1413,"",false,true,false,"","bulk_1.0.0",0,1289252064215015000
"ztf",59040.19758100016,"1286197584215010015",2,1286197584215,20.4928,-1,1286,0.154056,18.0857,16.175457,"",18.0803,"",0.110525,100,0.019026706,0.048,"",228.9326459,19.2579089,0.745714,"t17_f5_c3","",18.0659,0.0574,"",false,true,false,"","bulk_1.0.0",0,1289252064215015000
"ztf",59043.21177079994,"1289211774215015010",1,1289211774215,20.677208,1,1289,0.5330043,18.421043,15.961066,"",18.7002,"",0.13269277,0.0029686699,0.013767547,0.0813,"",228.9327054,19.2577174,0.49571428,"t17_f5_c3",0.9226078,18.6846,0.0956,582120142,false,true,false,"","bulk_1.0.0",0,1289252064215015000
"ztf",59043.25206020009,"1289252064215015011",2,1289252064215,20.456427,1,1289,0.60144114,17.729359,15.801508,"",17.7471,"",0.07867165,100,0.013325324,0.0397,"",228.932804,19.2577546,0.8242857,"t17_f5_c3",0.99976104,17.7658,0.0485,582120242,false,true,false,"","bulk_1.0.0",0,1298312144215015000
"ztf",59052.31214120006,"1298312144215015035",1,1298312144215,20.359144,1,1298,0.5060115,17.383154,15.794208,"",17.3946,"",0.0600952,0.007779597,0.013907885,0.0301,"",228.9327754,19.2577661,0.9285714,"t17_f5_c3",0.9994022,17.3872,0.0359,582120142,false,true,false,"","bulk_1.0.0",0,1308190204215015000
"ztf",59062.19020830002,"1308190204215015008",1,1308190204215,19.773703,1,1308,0.32766968,17.14563,15.734436,"",17.1603,"",0.04461199,0.0053705345,0.012161137,0.0398,"",228.932746,19.2578019,0.94714284,"t17_f5_c3",0.99996364,17.1201,0.0482,582120142,true,true,false,"","bulk_1.0.0",0,0
"ztf",59188.55159719987,"1434551594215015003",2,1434551594215,19.5294,1,1434,0.358104,19.1009,15.94214,"",19.133,"",0.268645,100,0.014644495,0.2555,"",228.9326988,19.2577759,0.507143,"t17_f5_c3","",19.0618,0.3027,"",false,true,false,"","bulk_1.0.0",0,1439553614215015000
"ztf",59188.556330999825,"1434556334215015008",2,1434556334215,19.4873,1,1434,0.285397,17.7529,15.805459,"",17.7224,"",0.13408,0.0138201965,0.022304267,0.0713,"",228.9325977,19.2578483,0.824286,"t17_f5_c3","",17.6782,0.0864,"",false,true,false,"","bulk_1.0.0",0,1439553614215015000
"ztf",59193.553611100186,"1439553614215015004",2,1439553614215,19.918856,1,1439,0.5797353,18.192232,15.867291,"",18.2676,"",0.11090318,100,0.013030703,0.0845,"",228.9328436,19.2578281,0.93714285,"t17_f5_c3",0.99915195,18.3556,0.1137,582120242,false,true,false,"","bulk_1.0.0",0,1441553934215015000
"ztf",59193.567743100226,"1439567744215010016",2,1439567744215,19.4524,-1,1439,0.455592,18.3921,16.130445,"",18.5021,"",0.127428,100,0.015870968,0.1455,"",228.932542,19.2578759,0.952857,"t17_f5_c3","",18.4174,0.1708,"",false,true,false,"","bulk_1.0.0",0,1441553934215015000
"ztf",59195.553935199976,"1441553934215015004",2,1441553934215,18.628069,1,1441,0.54751706,17.707071,15.7977,"",17.9585,"",0.112759694,0.008676091,0.019426987,0.1179,"",228.9327517,19.2577373,0.7814286,"t17_f5_c3",0.98559594,17.9559,0.1486,582120242,false,true,false,"","bulk_1.0.0",0,1470546154215010000
"ztf",59195.55870370008,"1441558704215015007",2,1441558704215,19.434189,1,1441,0.4986842,17.994804,15.842145,"",17.905,"",0.12950024,100,0.017832283,0.0768,"",228.93272,19.2577311,0.9014286,"t17_f5_c3",0.99976355,17.9551,0.1004,582120242,false,true,false,"","bulk_1.0.0",0,1470546154215010000
"ztf",59215.55636569997,"1461556364215010008",2,1461556364215,19.306356,-1,1461,0.88165575,18.565308,16.110687,"",18.5008,"",0.13582186,100,0.014161892,0.127,"",228.9329037,19.257748,0.82714283,"t17_f5_c3",0.96408325,18.4494,0.1531,582120242,false,true,false,"","bulk_1.0.0",0,1470546154215010000
"ztf",59215.57528939983,"1461575284215015003",1,1461575284215,18.8478,1,1461,0.66854,18.2128,15.937507,"",18.1664,"",0.125103,0.007981215,0.015386886,0.1194,"",228.9328436,19.2577654,0.777143,"t17_f5_c3","",18.078,0.1398,"",false,true,false,"","bulk_1.0.0",0,1470546154215010000
"ztf",59217.49002309982,"1463490024215010012",2,1463490024215,19.6963,-1,1463,0.256228,18.4735,16.120722,"",18.7258,"",0.210104,0.00558259,0.024061536,0.164,"",228.9326099,19.2579031,0.591429,"t17_f5_c3","",18.8617,0.235,"",false,true,false,"","bulk_1.0.0",0,1470546154215010000
"ztf",59217.545289400034,"1463545284215010008",1,1463545284215,19.5772,-1,1463,0.288737,18.5002,16.203634,"",18.4525,"",0.107794,100,0.013000734,0.1394,"",228.9325888,19.2578548,0.941429,"t17_f5_c3","",18.5532,0.1939,"",false,true,false,"","bulk_1.0.0",0,1470546154215010000
"ztf",59221.50501159998,"1467505014215010011",1,1467505014215,19.9081,-1,1467,0.181936,18.5744,16.195017,"",18.6348,"",0.126133,100,0.014095347,0.1203,"",228.9326258,19.2578905,0.931429,"t17_f5_c3","",18.7006,0.1601,"",false,true,false,"","bulk_1.0.0",0,1470546154215010000
"ztf",59224.49945600005,"1470499454215010013",2,1470499454215,19.82112,-1,1470,0.26258084,18.163,16.162687,"",18.1569,"",0.09834669,100,0.015582413,0.0648,"",228.9327521,19.2578975,0.9,"t17_f5_c3",0.9999728,18.1203,0.0777,582120242,false,true,false,"","bulk_1.0.0",0,1470546154215010000
"ztf",59224.546157400124,"1470546154215010018",1,1470546154215,20.281902,-1,1470,0.21613534,18.268988,16.235165,"",18.1994,"",0.09496099,100,0.014588679,0.0529,"",228.9326644,19.2578044,0.9442857,"t17_f5_c3",0.99999905,18.1674,0.0625,582120142,false,true,false,"","bulk_1.0.0",0,1475539904215010000
"ztf",59227.54491900001,"1473544914215010013",2,1473544914215,20.1957,-1,1473,0.489514,18.9627,16.07653,"",18.6093,"",0.167247,100,0.011719003,0.0948,"",228.9325924,19.2579911,0.671429,"t17_f5_c3","",18.5893,0.1146,"",false,true,false,"","bulk_1.0.0",0,1475539904215010000
"ztf",59229.53990740003,"1475539904215010019",2,1475539904215,19.860556,-1,1475,0.50447035,18.083677,16.175806,"",18.1106,"",0.07188643,100,0.0124021815,0.054,"",228.9326433,19.2577372,0.8642857,"t17_f5_c3",0.9998932,18.1216,0.0669,582120242,false,true,false,"","bulk_1.0.0",0,1475548474215010000
"ztf",59229.548472200055,"1475548474215010020",1,1475548474215,20.046555,-1,1475,0.20913224,18.591972,16.193071,"",18.6466,"",0.09232131,100,0.010133083,0.0767,"",228.9327099,19.2578161,0.85,"t17_f5_c3",0.9971905,18.5969,0.0888,582120142,true,true,false,"","bulk_1.0.0",0,0
"ztf",59231.5379745001,"1477537974215010015",2,1477537974215,20.2638,-1,1477,0.136618,18.4061,16.128716,"",18.4505,"",0.104974,100,0.0128862895,0.0724,"",228.9326386,19.2578639,0.958571,"t17_f5_c3","",18.4564,0.089,"",false,true,false,"","correction_0.0.1",0,""
"ztf",59231.55501159979,"1477555014215010010",1,1477555014215,20.564,-1,1477,0.134392,18.4826,16.205776,"",18.6475,"",0.173444,0.013043456,0.021302465,0.0744,"",228.9326778,19.2579012,0.642857,"t17_f5_c3","",18.5918,0.0854,"",false,true,false,"","correction_0.0.1",0,""
"ztf",59248.49563660007,"1494495634215015005",1,1494495634215,19.969746,1,1494,0.14372525,17.176777,15.742839,"",17.2208,"",0.06355546,0.012920335,0.016965926,0.0329,"",228.9327028,19.2578353,0.95285714,"t17_f5_c3",0.9999243,17.2266,0.0409,582120142,true,true,false,"","correction_0.0.1",0,""
"ztf",59250.48281250009,"1496482814215010013",1,1496482814215,20.236456,-1,1496,0.08173333,18.203625,16.245564,"",18.1911,"",0.12120073,0.009663748,0.019965539,0.0605,"",228.9326789,19.2578418,0.8814286,"t17_f5_c3",0.99996555,18.1872,0.0745,582120142,true,true,false,"","correction_0.0.1",0,""
"ztf",59252.52694439981,"1498526944215010015",1,1498526944215,20.7577,-1,1498,0.179051,18.6826,16.183569,"",18.6476,"",0.145135,100,0.01452647,0.0714,"",228.9326278,19.2578907,0.692857,"t17_f5_c3","",18.6027,0.0822,"",false,true,false,"","correction_0.0.1",0,""
"ztf",59254.42993059987,"1500429934215010019",2,1500429934215,18.0964,-1,1500,0.117698,17.4299,16.342737,"",17.5653,"",0.203629,0.069082186,0.074812554,0.242,"",228.9326448,19.2578631,0.718571,"t17_f5_c3","",17.6074,0.3216,"",false,true,false,"","correction_0.0.1",0,""
"ztf",59270.49825230008,"1516498254215010021",2,1516498254215,19.6767,-1,1516,0.245698,18.2733,16.146196,"",18.3815,"",0.09229,100,0.013011063,0.094,"",228.9326367,19.2579319,0.957143,"t17_f5_c3","",18.3582,0.1154,"",false,true,false,"","correction_0.0.1",0,""
"ztf",59272.42466440005,"1518424664215015007",1,1518424664215,19.045685,1,1518,0.25518122,18.129442,15.926903,"",18.2018,"",0.12425294,0.009865816,0.016341455,0.1463,"",228.9327425,19.2578326,0.92142856,"t17_f5_c3",0.9980633,18.1586,0.1792,582120142,true,true,false,"","correction_0.0.1",0,""
"ztf",59274.423472200055,"1520423474215015008",2,1520423474215,19.117826,1,1520,0.7253747,17.781006,15.810084,"",17.7393,"",0.087893106,100,0.014308241,0.0702,"",228.9327337,19.2576775,0.81285715,"t17_f5_c3",0.9973998,17.7071,0.086,582120242,true,true,false,"","correction_0.0.1",0,""
"ztf",59274.461886600126,"1520461884215010011",1,1520461884215,19.148,-1,1520,0.492359,18.7618,16.175951,"",18.7119,"",0.151164,100,0.013967181,0.1791,"",228.9325543,19.2579442,0.865714,"t17_f5_c3","",18.6662,0.2184,"",false,true,false,"","correction_0.0.1",0,""
"ztf",59280.443993099965,"1526443994215015015",2,1526443994215,20.206503,1,1526,0.22115779,18.51473,15.900579,"",18.6936,"",0.12968996,100,0.011674709,0.1,"",228.932696,19.2578141,0.7885714,"t17_f5_c3",0.9972617,18.7147,0.1245,582120242,true,true,false,"","correction_0.0.1",0,""
"ztf",59291.499328699894,"1537499324215015011",1,1537499324215,20.645432,1,1537,0.22146247,17.860518,15.887493,"",17.8413,"",0.07641305,100,0.012415311,0.038,"",228.9327363,19.2578502,0.79571426,"t17_f5_c3",0.9997922,17.8418,0.0448,582120142,true,true,false,"","correction_0.0.1",0,""
"ztf",59295.3205093001,"1541320504215015010",1,1541320504215,19.63551,1,1541,0.35337934,18.567204,15.975348,"",18.5903,"",0.10924159,100,0.0100379735,0.12,"",228.9327635,19.2578115,0.94857144,"t17_f5_c3",0.9998559,18.6052,0.1517,582120142,true,true,false,"","correction_0.0.1",0,""
"ztf",59295.4050925998,"1541405094215010015",2,1541405094215,20.2619,-1,1541,0.287621,18.8238,16.086964,"",18.8144,"",0.171479,100,0.013787219,0.1073,"",228.9326575,19.2579556,0.795714,"t17_f5_c3","",18.7826,0.1278,"",false,true,false,"","correction_0.0.1",0,""
"ztf",59297.3506018999,"1543350604215010015",1,1543350604215,19.636595,-1,1543,0.11786513,18.250683,16.238005,"",18.1417,"",0.10583267,100,0.016578618,0.0791,"",228.9326918,19.2578357,0.9514286,"t17_f5_c3",0.9999916,18.1749,0.1025,582120142,true,true,false,"","correction_0.0.1",0,""
"ztf",59297.40447920002,"1543404474215010016",2,1543404474215,20.032072,-1,1543,0.23364031,18.214796,16.154703,"",18.1303,"",0.09140581,100,0.013706815,0.0678,"",228.932645,19.2578167,0.96428573,"t17_f5_c3",0.9999739,18.1095,0.0828,582120242,true,true,false,"","correction_0.0.1",0,""
"ztf",59300.41056710016,"1546410564215015006",2,1546410564215,19.26838,1,1546,0.34706005,18.231823,15.871869,"",18.1995,"",0.12132529,100,0.013802886,0.115,"",228.932684,19.2577772,0.9285714,"t17_f5_c3",0.99568033,18.0663,0.1289,582120242,true,true,false,"","correction_0.0.1",0,""
"ztf",59307.3835880002,"1553383584215010009",1,1553383584215,20.3833,-1,1553,0.155139,18.2003,16.246113,"",18.1561,"",0.113587,0.006861267,0.018778186,0.0572,"",228.9326261,19.2578582,0.855714,"t17_f5_c3","",18.1074,0.0674,"",false,true,false,"","correction_0.0.1",0,""
"ztf",59309.38221060019,"1555382214215010013",2,1555382214215,20.3923,-1,1555,0.329295,18.2179,16.154238,"",18.1865,"",0.086703,100,0.0129589485,0.0537,"",228.9326594,19.2579664,0.964286,"t17_f5_c3","",18.2015,0.066,"",false,true,false,"","correction_0.0.1",0,""
"ztf",59313.47672449984,"1559476724215015022",1,1559476724215,20.403156,1,1559,0.08421133,17.403454,15.798872,"",17.4632,"",0.062671885,0.008387219,0.014296834,0.0311,"",228.9326973,19.257855,0.96,"t17_f5_c3",0.9999985,17.4694,0.0372,582120142,true,true,false,"","correction_0.0.1",0,""
"ztf",59315.32666670019,"1561326664215015014",1,1561326664215,20.736921,1,1561,0.1411071,17.779057,15.873835,"",17.8123,"",0.062222846,100,0.010761207,0.0371,"",228.9327153,19.2578739,0.8442857,"t17_f5_c3",0.99773234,17.7761,0.0422,582120142,true,true,false,"","correction_0.0.1",0,""
"ztf",59322.30873840023,"1568308734215010011",2,1568308734215,20.374,-1,1568,0.375776,18.1953,16.157658,"",18.123,"",0.093299,100,0.014283024,0.0544,"",228.9325997,19.2577989,0.925714,"t17_f5_c3","",18.1343,0.0671,"",false,true,false,"","correction_0.0.1",0,""
"ztf",59322.3541898001,"1568354184215010007",1,1568354184215,20.677017,-1,1568,0.09671784,18.255909,16.237188,"",18.1494,"",0.084171526,100,0.013112236,0.0459,"",228.9326574,19.2578406,0.9085714,"t17_f5_c3",0.9999943,18.1524,0.0552,582120142,true,true,false,"","correction_0.0.1",0,""
"ztf",59324.378923600074,"1570378924215015013",1,1570378924215,20.513876,1,1570,0.1843077,17.152054,15.736184,"",17.2294,"",0.057070844,0.010978254,0.015490528,0.0227,"",228.932715,19.2578336,0.8842857,"t17_f5_c3",1,17.2253,0.0267,582120142,true,true,false,"","correction_0.0.1",0,""
"ztf",59334.237719899975,"1580237714215010013",1,1580237714215,20.6121,-1,1580,0.163151,18.1131,16.261229,"",18.0334,"",0.125759,0.014412556,0.022844957,0.0457,"",228.9326422,19.25783,0.768571,"t17_f5_c3","",18.0218,0.0547,"",false,true,false,"","correction_0.0.1",0,""
"ztf",59336.288935199846,"1582288934215010022",1,1582288934215,20.678177,-1,1582,0.19770806,18.497526,16.203957,"",18.5377,"",0.08335149,100,0.010080579,0.0605,"",228.9327212,19.2578914,0.92285717,"t17_f5_c3",0.99999213,18.5001,0.0691,582120142,true,true,false,"","correction_0.0.1",0,""
"ztf",59336.288935199846,"1582288934215030022",1,1582288934215,20.6782,-1,1582,0.197708,18.4975,16.20396,"",18.5377,"",0.083351,100,0.010080798,0.0605,"",228.9327212,19.2578914,0.922857,"t17_f5_c3","",18.5001,0.0691,"",false,true,false,"","correction_0.0.1",0,""
"ztf",59339.37355320016,"1585373554215010014",1,1585373554215,20.7736,-1,1585,0.129345,18.6737,16.184465,"",18.6868,"",0.146985,100,0.014844949,0.0752,"",228.9326361,19.2578593,0.622857,"t17_f5_c3","",18.7258,0.0932,"",false,true,false,"","correction_0.0.1",0,""
"ztf",59343.28115739999,"1589281154215010014",1,1589281154215,20.7117,-1,1589,0.322258,19.2582,16.13975,"",19.0175,"",0.270829,100,0.015321996,0.1048,"",228.9326378,19.2579481,0.442857,"t17_f5_c3","",18.9498,0.1178,"",false,true,false,"","correction_0.0.1",0,""
"ztf",59345.37938660011,"1591379384215015011",1,1591379384215,20.629831,1,1591,0.2713853,18.047192,15.915723,"",18.1886,"",0.08897319,100,0.012493136,0.0496,"",228.9327523,19.2578441,0.93714285,"t17_f5_c3",0.99942446,18.1571,0.0571,582120142,true,true,false,"","correction_0.0.1",0,""
"ztf",59349.31885420019,"1595318854215010020",2,1595318854215,20.7466,-1,1595,0.327101,18.0577,16.180351,"",18.0546,"",0.129217,100,0.02292874,0.043,"",228.9325782,19.2578898,0.708571,"t17_f5_c3","",18.018,0.0496,"",false,true,false,"","correction_0.0.1",0,""
"ztf",59349.364768499974,"1595364764215010013",1,1595364764215,20.9716,-1,1595,0.204905,18.133,16.257652,"",18.0429,"",0.080632,100,0.014334037,0.036,"",228.932622,19.2578309,0.902857,"t17_f5_c3","",18.0407,0.042,"",false,true,false,"","correction_0.0.1",0,""
"ztf",59352.29643520014,"1598296434215010011",2,1598296434215,20.3868,-1,1598,0.200465,18.0834,16.175854,"",18.0476,"",0.122761,100,0.021185627,0.0478,"",228.9326288,19.2578482,0.935714,"t17_f5_c3","",18.069,0.0591,"",false,true,false,"","correction_0.0.1",0,""
"ztf",59352.34957179986,"1598349574215010009",1,1598349574215,20.7387,-1,1598,0.22266,18.0447,16.27413,"",18.0051,"",0.0694,100,0.013587232,0.0377,"",228.93263,19.2578178,0.671429,"t17_f5_c3","",17.9312,0.0417,"",false,true,false,"","correction_0.0.1",0,""
"ztf",59354.36108799977,"1600361084215010015",1,1600361084215,20.08575,-1,1600,0.12201172,18.257153,16.236994,"",18.1645,"",0.11714874,0.005630897,0.018225284,0.0546,"",228.932676,19.2578302,0.9042857,"t17_f5_c3",0.9999131,18.1771,0.0676,582120142,true,true,false,"","correction_0.0.1",0,""
"ztf",59358.31916669989,"1604319164215010001",2,1604319164215,19.375,-1,1604,0.08858,18.0643,16.179184,"",17.9534,"",0.073621,100,0.012970445,0.1048,"",228.9326532,19.2578654,0.9,"t17_f5_c3","",18.0044,0.1399,"",false,true,false,"","correction_0.0.1",0,""
"ztf",59358.41497689998,"1604414974215010003",1,1604414974215,19.1303,-1,1604,0.281561,18.2825,16.233103,"",18.0761,"",0.101449,100,0.015363475,0.1271,"",228.932591,19.2578548,0.955714,"t17_f5_c3","",18.0095,0.1524,"",false,true,false,"","correction_0.0.1",0,""
"ztf",59363.25376159977,"1609253764215010009",1,1609253764215,20.4525,-1,1609,0.132568,18.2745,16.23432,"",18.2065,"",0.124999,0.008093125,0.019091263,0.0585,"",228.9326496,19.257894,0.768571,"t17_f5_c3","",18.2296,0.0735,"",false,true,false,"","correction_0.0.1",0,""
"ztf",59363.354259300046,"1609354254215010007",2,1609354254215,20.2281,-1,1609,0.376928,18.2822,16.144947,"",18.3391,"",0.23974,0.023417892,0.033484146,0.0827,"",228.9325946,19.2579488,0.362857,"t17_f5_c3","",18.3729,0.1064,"",false,true,false,"","correction_0.0.1",0,""
"ztf",59369.35853009997,"1615358534215015010",1,1615358534215,20.625402,1,1615,0.30640468,18.304993,15.948433,"",18.4833,"",0.077834584,100,0.008882773,0.0677,"",228.9327574,19.257834,0.88285714,"t17_f5_c3",0.99929,18.4917,0.0814,582120142,true,true,false,"","correction_0.0.1",0,""
"ztf",59376.3500926001,"1622350094215015009",1,1622350094215,20.595724,1,1622,0.40408266,17.779888,15.873978,"",17.7387,"",0.09776706,0.011471212,0.016897736,0.0368,"",228.9327929,19.2578835,0.8528572,"t17_f5_c3",0.9984566,17.749,0.0443,582120142,true,true,false,"","correction_0.0.1",0,""
"ztf",59378.22711810004,"1624227114215010013",1,1624227114215,20.7148,-1,1624,0.166252,18.2386,16.23991,"",18.0679,"",0.108268,100,0.01718003,0.043,"",228.9326361,19.2578376,0.828571,"t17_f5_c3","",18.058,0.0513,"",false,true,false,"","correction_0.0.1",0,""
"ztf",59380.21452549985,"1626214524215015004",2,1626214524215,19.033525,1,1626,0.42844862,18.03069,15.847016,"",18.1654,"",0.1794728,0.015683735,0.024017604,0.2034,"",228.9327447,19.257772,0.5285714,"t17_f5_c3",0.4697353,18.2556,0.2807,582120242,true,true,false,"","correction_0.0.1",0,""
"ztf",59382.301631900016,"1628301634215010009",1,1628301634215,20.2755,-1,1628,0.245764,18.0032,16.282444,"",18.056,"",0.116562,0.01562501,0.02389209,0.0589,"",228.9326337,19.2579219,0.727143,"t17_f5_c3","",18.085,0.0745,"",false,true,false,"","correction_0.0.1",0,""
"ztf",59392.25336810015,"1638253364215015011",1,1638253364215,20.053368,1,1638,0.3974719,17.721851,15.863723,"",17.7915,"",0.077873714,0.0068381317,0.014064992,0.0546,"",228.9327604,19.2577913,0.95428574,"t17_f5_c3",0.9998599,17.7353,0.0645,582120142,true,true,false,"","correction_0.0.1",0,""
"ztf",59396.270138899796,"1642270134215015018",1,1642270134215,20.439505,1,1642,0.39278787,18.234415,15.940143,"",18.2152,"",0.08992094,100,0.010868051,0.0586,"",228.9326873,19.2577527,0.93714285,"t17_f5_c3",0.9999206,18.2167,0.0704,582120142,true,true,false,"","correction_0.0.1",0,""
"ztf",59399.21322919987,"1645213224215010011",2,1645213224215,20.5911,-1,1645,0.397636,18.4555,16.122803,"",18.4066,"",0.249337,0.017210247,0.029087598,0.0657,"",228.9325581,19.2578825,0.365714,"t17_f5_c3","",18.3833,0.0779,"",false,true,false,"","correction_1.0.6",0,1665214994215015000
"ztf",59401.23356480012,"1647233564215010020",1,1647233564215,20.3445,-1,1647,0.165831,18.2794,16.233574,"",18.1489,"",0.133391,0.010592304,0.020267308,0.0478,"",228.9327044,19.2579014,0.88,"t17_f5_c3","",18.166,0.0587,"",false,true,false,"","correction_1.0.6",0,1665214994215015000
"ztf",59407.206412000116,"1653206414215010008",2,1653206414215,20.3982,-1,1653,0.162234,17.9532,16.199991,"",17.9756,"",0.108076,100,0.021500383,0.0497,"",228.9326359,19.2579003,0.88,"t17_f5_c3","",18.0462,0.0648,"",false,true,false,"","correction_1.0.6",0,1665214994215015000
"ztf",59407.24675930012,"1653246754215010016",1,1653246754215,20.3612,-1,1653,0.358141,18.0768,16.267954,"",18.1845,"",0.104546,0.008505236,0.019759208,0.0618,"",228.9325683,19.2578531,0.808571,"t17_f5_c3","",18.1299,0.0718,"",false,true,false,"","correction_1.0.6",0,1665214994215015000
"ztf",59409.2037037001,"1655203704215010000",2,1655203704215,20.3589,-1,1655,0.141273,18.0343,16.184555,"",18.094,"",0.112348,100,0.020448796,0.0588,"",228.9326356,19.257878,0.754286,"t17_f5_c3","",18.0943,0.0724,"",false,true,false,"","correction_1.0.6",0,1665214994215015000
"ztf",59411.215729199816,"1657215724215010009",2,1657215724215,19.9847,-1,1657,0.358054,17.8805,16.215054,"",18.1069,"",0.143664,0.017561251,0.03098625,0.0815,"",228.9325778,19.2579101,0.512857,"t17_f5_c3","",18.2714,0.119,"",false,true,false,"","correction_1.0.6",0,1665214994215015000
"ztf",59414.246307900175,"1660246304215010009",1,1660246304215,19.4395,-1,1660,0.212004,18.0301,16.277012,"",18.0404,"",0.092653,0.0040473365,0.018434187,0.1109,"",228.9326462,19.2579178,0.787143,"t17_f5_c3","",17.9367,0.1283,"",false,true,false,"","correction_1.0.6",0,1665214994215015000
"ztf",59419.21499999985,"1665214994215015003",1,1665214994215,19.055058,1,1665,0.24976063,17.515179,15.823365,"",17.5928,"",0.084422685,0.013251392,0.017771898,0.0974,"",228.9327442,19.2578404,0.93857145,"t17_f5_c3",0.9920504,17.5559,0.12,582120142,true,true,false,"","correction_1.0.6",0,""
"ztf",59423.226666700095,"1669226664215015008",1,1669226664215,20.373028,1,1669,0.2975023,17.586508,15.8379965,"",17.5604,"",0.07358957,0.008491873,0.014703194,0.0352,"",228.9327579,19.2578368,0.9514286,"t17_f5_c3",0.99994993,17.5687,0.0427,582120142,true,true,false,"","correction_1.0.6",0,""
"ztf",59427.26913189981,"1673269134215010014",1,1673269134215,19.999,-1,1673,0.424091,18.048,16.273485,"",18.1205,"",0.10115,0.008245431,0.019731477,0.0713,"",228.9325541,19.2578279,0.954286,"t17_f5_c3","",18.0717,0.0849,"",false,true,false,"","correction_1.0.6",0,1682246414215015000
"ztf",59436.24641200015,"1682246414215015008",1,1682246414215,19.291107,1,1682,0.22943112,17.383032,15.794179,"",17.4638,"",0.07509534,0.013007493,0.017380884,0.0447,"",228.9327105,19.2578096,0.71,"t17_f5_c3",0.9987424,17.4325,0.0536,582120142,true,true,false,"","correction_1.0.6",0,""
"ztf",59439.1776389,"1685177634215015013",1,1685177634215,19.688423,1,1685,0.47787097,18.047247,15.91573,"",17.884,"",0.09519112,0.0035197139,0.01336564,0.0734,"",228.9328133,19.2578356,0.9142857,"t17_f5_c3",0.99997044,17.835,0.0875,582120142,true,true,false,"","correction_1.0.6",0,""
"ztf",59439.20855320012,"1685208554215010009",2,1685208554215,19.604193,-1,1685,0.17811441,18.066431,16.178808,"",18.301,"",0.116310365,100,0.020444166,0.1104,"",228.9326617,19.257827,0.93,"t17_f5_c3",0.9999369,18.4267,0.1562,582120242,true,true,false,"","correction_1.0.6",0,""
"ztf",59441.212754600216,"1687212754215010005",1,1687212754215,19.5493,-1,1687,0.048476,18.0369,16.275663,"",18.0051,"",0.098536,0.0074820695,0.0194581,0.0969,"",228.9326684,19.2578769,0.928571,"t17_f5_c3","",18.0032,0.1225,"",false,true,false,"","correction_1.0.6",0,1708175214215015000
"ztf",59450.2159258998,"1696215924215010005",1,1696215924215,18.7782,-1,1696,0.37112,17.8982,16.305279,"",17.7463,"",0.138875,0.026167125,0.032022573,0.1463,"",228.9325774,19.2579148,0.851429,"t17_f5_c3","",17.7288,0.1841,"",false,true,false,"","correction_1.0.6",0,1708175214215015000
"ztf",59452.23928239988,"1698239284215010117",2,1698239284215,17.5502,-1,1698,0.447194,16.9179,16.614393,"",16.966,"",0.096488,0.06295047,0.072957546,0.2058,"",228.9325447,19.2578785,0.515714,"t17_f5_c3","",16.7529,0.2173,"",false,true,false,"","correction_1.0.6",0,1708175214215015000
"ztf",59454.17178239999,"1700171784215010009",1,1700171784215,20.0948,-1,1700,0.294342,18.3256,16.226723,"",18.299,"",0.15133,0.0135879805,0.021896483,0.0744,"",228.9325973,19.2578248,0.8,"t17_f5_c3","",18.3083,0.093,"",false,true,false,"","correction_1.0.6",0,1708175214215015000
"ztf",59462.175219899975,"1708175214215015009",1,1708175214215,20.038908,1,1708,0.19953077,17.22297,15.754978,"",17.2647,"",0.053280357,0.008145737,0.013783862,0.033,"",228.9327059,19.2578168,0.94714284,"t17_f5_c3",0.9999993,17.2583,0.0403,582120142,true,true,false,"","correction_1.0.6",0,""
"ztf",59473.18311339989,"1719183114215015018",1,1719183114215,19.262756,1,1719,0.8215453,17.956245,15.902483,"",17.9421,"",0.15142186,0.018957628,0.022839349,0.1155,"",228.9329164,19.25783,0.73571426,"t17_f5_c3",0.93891746,18.0111,0.1563,582120142,true,true,false,"","correction_1.0.6",0,""
"ztf",59812.17851850018,"2058178514215010008",2,2058178514215,20.2962,-1,2058,0.346059,18.1328,16.167551,"",18.2071,"",0.163687,0.010971282,0.026786432,0.0671,"",228.9325759,19.2578627,0.401429,"t17_f5_c3","",18.1915,0.0816,"",false,true,false,"","dev",0,2071216964215015000
"ztf",59825.21696759993,"2071216964215015009",1,2071216964215,19.118118,1,2071,0.9989436,17.776894,15.87346,"",17.8271,"",0.06798411,100,0.01177698,0.0909,"",228.932972,19.2578637,0.81714284,"t17_f5_c3",0.99993026,17.8918,0.1217,582120142,true,true,false,"","dev",0,""