version,name,fid,n,n_null,nan_pct
27.5.6,Amplitude,1,4472098,2966118,66.32497767267175
27.5.6,Amplitude,2,4472098,2949990,65.96434156854345
27.5.6,AndersonDarling,1,4472098,2966118,66.32497767267175
27.5.6,AndersonDarling,2,4472098,2949990,65.96434156854345
27.5.6,Autocor_length,1,4472098,2966118,66.32497767267175
27.5.6,Autocor_length,2,4472098,2949990,65.96434156854345
27.5.6,Beyond1Std,1,4472098,2966118,66.32497767267175
27.5.6,Beyond1Std,2,4472098,2949990,65.96434156854345
27.5.6,color_variation,12,4473306,2639491,59.00537544268154
27.5.6,Con,1,4472098,2966118,66.32497767267175
27.5.6,Con,2,4472098,2949990,65.96434156854345
27.5.6,Coordinate_x,0,4473306,0,0.0
27.5.6,Coordinate_y,0,4473306,0,0.0
27.5.6,Coordinate_z,0,4473306,0,0.0
27.5.6,dbrightness_first_det_band,1,4473306,4074595,91.0868829451864
27.5.6,dbrightness_first_det_band,2,4473306,4047544,90.48216240963619
27.5.6,dbrightness_forced_phot_band,1,4473306,4074595,91.0868829451864
27.5.6,dbrightness_forced_phot_band,2,4473306,4047544,90.48216240963619
27.5.6,delta_period,1,4472098,2272661,50.818676156023415
27.5.6,delta_period,2,4472098,2345472,52.44679342894543
27.5.6,distpsnr1,0,4473306,1229830,27.492641907349956
27.5.6,Eta_e,1,4472098,2966118,66.32497767267175
27.5.6,Eta_e,2,4472098,2949990,65.96434156854345
27.5.6,ExcessVar,1,4472098,2966118,66.32497767267175
27.5.6,ExcessVar,2,4472098,2949990,65.96434156854345
27.5.6,fleet_a,1,4473306,1967593,43.985209149564106
27.5.6,fleet_a,2,4473306,2036699,45.53006210619171
27.5.6,fleet_chi,1,4473306,2184680,48.83815236426929
27.5.6,fleet_chi,2,4473306,2258913,50.49761853984503
27.5.6,fleet_m0,1,4473306,1967593,43.985209149564106
27.5.6,fleet_m0,2,4473306,2036699,45.53006210619171
27.5.6,fleet_t0,1,4473306,1967593,43.985209149564106
27.5.6,fleet_t0,2,4473306,2036699,45.53006210619171
27.5.6,fleet_w,1,4473306,1967593,43.985209149564106
27.5.6,fleet_w,2,4473306,2036699,45.53006210619171
27.5.6,GP_DRW_sigma,1,4472098,2828353,63.244432478894694
27.5.6,GP_DRW_sigma,2,4472098,2830654,63.29588483973294
27.5.6,GP_DRW_tau,1,4472098,2828353,63.244432478894694
27.5.6,GP_DRW_tau,2,4472098,2830654,63.29588483973294
27.5.6,g-r_max,12,4472098,1659472,37.10723691654342
27.5.6,g-r_max_corr,12,4472098,1702052,38.05936274205082
27.5.6,g-r_mean,12,4472098,1659472,37.10723691654342
27.5.6,g-r_mean_corr,12,4472098,1702052,38.05936274205082
27.5.6,Gskew,1,4472098,2966118,66.32497767267175
27.5.6,Gskew,2,4472098,2949990,65.96434156854345
27.5.6,g-W1,0,4473306,1434309,32.06373541179611
27.5.6,g-W2,0,4472098,1433982,32.06508444135169
27.5.6,g-W3,0,4472098,1437936,32.15349931955874
27.5.6,g-W4,0,4473306,1436473,32.11211126625364
27.5.6,Harmonics_chi,1,4473306,2279017,50.94704006388117
27.5.6,Harmonics_chi,2,4473306,2353129,52.6038013048962
27.5.6,Harmonics_mag_1,1,4472098,2232287,49.915878408746856
27.5.6,Harmonics_mag_1,2,4472098,2299755,51.424521555654636
27.5.6,Harmonics_mag_2,1,4472098,2232287,49.915878408746856
27.5.6,Harmonics_mag_2,2,4472098,2299755,51.424521555654636
27.5.6,Harmonics_mag_3,1,4472098,2232287,49.915878408746856
27.5.6,Harmonics_mag_3,2,4472098,2299755,51.424521555654636
27.5.6,Harmonics_mag_4,1,4472098,2232287,49.915878408746856
27.5.6,Harmonics_mag_4,2,4472098,2299755,51.424521555654636
27.5.6,Harmonics_mag_5,1,4472098,2232287,49.915878408746856
27.5.6,Harmonics_mag_5,2,4472098,2299755,51.424521555654636
27.5.6,Harmonics_mag_6,1,4472098,2232287,49.915878408746856
27.5.6,Harmonics_mag_6,2,4472098,2299755,51.424521555654636
27.5.6,Harmonics_mag_7,1,4472098,2232287,49.915878408746856
27.5.6,Harmonics_mag_7,2,4472098,2299755,51.424521555654636
27.5.6,Harmonics_mse,1,4472098,2232287,49.915878408746856
27.5.6,Harmonics_mse,2,4472098,2299755,51.424521555654636
27.5.6,Harmonics_phase_2,1,4472098,2232287,49.915878408746856
27.5.6,Harmonics_phase_2,2,4472098,2299755,51.424521555654636
27.5.6,Harmonics_phase_3,1,4472098,2232287,49.915878408746856
27.5.6,Harmonics_phase_3,2,4472098,2299755,51.424521555654636
27.5.6,Harmonics_phase_4,1,4472098,2232287,49.915878408746856
27.5.6,Harmonics_phase_4,2,4472098,2299755,51.424521555654636
27.5.6,Harmonics_phase_5,1,4472098,2232287,49.915878408746856
27.5.6,Harmonics_phase_5,2,4472098,2299755,51.424521555654636
27.5.6,Harmonics_phase_6,1,4472098,2232287,49.915878408746856
27.5.6,Harmonics_phase_6,2,4472098,2299755,51.424521555654636
27.5.6,Harmonics_phase_7,1,4472098,2232287,49.915878408746856
27.5.6,Harmonics_phase_7,2,4472098,2299755,51.424521555654636
27.5.6,IAR_phi,1,4472098,2966118,66.32497767267175
27.5.6,IAR_phi,2,4472098,2949990,65.96434156854345
27.5.6,last_brightness_before_band,1,4473306,3811657,85.20894837062343
27.5.6,last_brightness_before_band,2,4473306,3773144,84.34799676123207
27.5.6,LinearTrend,1,4472098,2966118,66.32497767267175
27.5.6,LinearTrend,2,4472098,2949990,65.96434156854345
27.5.6,max_brightness_after_band,1,4473306,781013,17.45941368643236
27.5.6,max_brightness_after_band,2,4473306,783701,17.519503472375913
27.5.6,max_brightness_before_band,1,4473306,3811657,85.20894837062343
27.5.6,max_brightness_before_band,2,4473306,3773144,84.34799676123207
27.5.6,MaxSlope,1,4472098,2966118,66.32497767267175
27.5.6,MaxSlope,2,4472098,2949990,65.96434156854345
27.5.6,Mean,1,4472098,2966118,66.32497767267175
27.5.6,Mean,2,4472098,2949990,65.96434156854345
27.5.6,mean_chinr,12,4473306,219370,4.90397929406126
27.5.6,mean_distnr,12,4473306,216992,4.850819505752568
27.5.6,mean_sharpnr,12,4473306,219370,4.90397929406126
27.5.6,Meanvariance,1,4472098,2966118,66.32497767267175
27.5.6,Meanvariance,2,4472098,2949990,65.96434156854345
27.5.6,MedianAbsDev,1,4472098,2966118,66.32497767267175
27.5.6,MedianAbsDev,2,4472098,2949990,65.96434156854345
27.5.6,median_brightness_after_band,1,4473306,781013,17.45941368643236
27.5.6,median_brightness_after_band,2,4473306,783701,17.519503472375913
27.5.6,median_brightness_before_band,1,4473306,3811657,85.20894837062343
27.5.6,median_brightness_before_band,2,4473306,3773144,84.34799676123207
27.5.6,MedianBRP,1,4472098,2966118,66.32497767267175
27.5.6,MedianBRP,2,4472098,2949990,65.96434156854345
27.5.6,MHPS_high,1,4472098,3290297,73.57390200304198
27.5.6,MHPS_high,2,4472098,3258139,72.8548211600014
27.5.6,MHPS_high_30,1,4473306,3290786,73.56496515105383
27.5.6,MHPS_high_30,2,4473306,3258794,72.8497893951364
27.5.6,MHPS_low,1,4472098,3290297,73.57390200304198
27.5.6,MHPS_low,2,4472098,3258139,72.8548211600014
27.5.6,MHPS_low_365,1,4473306,3290786,73.56496515105383
27.5.6,MHPS_low_365,2,4473306,3258794,72.8497893951364
27.5.6,MHPS_non_zero,1,4472098,3290297,73.57390200304198
27.5.6,MHPS_non_zero,2,4472098,3258139,72.8548211600014
27.5.6,MHPS_PN_flag,1,4472098,3290297,73.57390200304198
27.5.6,MHPS_PN_flag,2,4472098,3258139,72.8548211600014
27.5.6,MHPS_ratio,1,4472098,3290297,73.57390200304198
27.5.6,MHPS_ratio,2,4472098,3258139,72.8548211600014
27.5.6,MHPS_ratio_365_30,1,4473306,3290786,73.56496515105383
27.5.6,MHPS_ratio_365_30,2,4473306,3258794,72.8497893951364
27.5.6,Multiband_period,12,4472098,2036913,45.5471458809713
27.5.6,n_forced_phot_band_after,1,4473306,380354,8.502749420674553
27.5.6,n_forced_phot_band_after,2,4473306,366450,8.191927849335592
27.5.6,n_forced_phot_band_before,1,4473306,380354,8.502749420674553
27.5.6,n_forced_phot_band_before,2,4473306,366450,8.191927849335592
27.5.6,PairSlopeTrend,1,4472098,2966118,66.32497767267175
27.5.6,PairSlopeTrend,2,4472098,2949990,65.96434156854345
27.5.6,PercentAmplitude,1,4472098,2966118,66.32497767267175
27.5.6,PercentAmplitude,2,4472098,2949990,65.96434156854345
27.5.6,Period_band,1,4472098,2272661,50.818676156023415
27.5.6,Period_band,2,4472098,2345472,52.44679342894543
27.5.6,positive_fraction,1,4472098,804021,17.97860869775215
27.5.6,positive_fraction,2,4472098,878134,19.63583982283036
27.5.6,Power_rate_1/2,12,4472098,2036913,45.5471458809713
27.5.6,Power_rate_1/3,12,4472098,2036913,45.5471458809713
27.5.6,Power_rate_1/4,12,4472098,2036913,45.5471458809713
27.5.6,Power_rate_2,12,4472098,2036913,45.5471458809713
27.5.6,Power_rate_3,12,4472098,2036913,45.5471458809713
27.5.6,Power_rate_4,12,4472098,2036913,45.5471458809713
27.5.6,PPE,12,4472098,2036913,45.5471458809713
27.5.6,ps_g-r,0,4473306,1469453,32.8493735952783
27.5.6,Psi_CS,1,4472098,2695430,60.27215861548651
27.5.6,Psi_CS,2,4472098,2744924,61.37888749307372
27.5.6,Psi_eta,1,4472098,2695430,60.27215861548651
27.5.6,Psi_eta,2,4472098,2744924,61.37888749307372
27.5.6,ps_i-z,0,4473306,1340078,29.957217324278734
27.5.6,ps_r-i,0,4473306,1361580,30.437890902164977
27.5.6,Pvar,1,4472098,2966118,66.32497767267175
27.5.6,Pvar,2,4472098,2949990,65.96434156854345
27.5.6,Q31,1,4472098,2966118,66.32497767267175
27.5.6,Q31,2,4472098,2949990,65.96434156854345
27.5.6,Rcs,1,4472098,2966118,66.32497767267175
27.5.6,Rcs,2,4472098,2949990,65.96434156854345
27.5.6,r-W1,0,4473306,1516573,33.90273323577685
27.5.6,r-W2,0,4472098,1516309,33.90598774892679
27.5.6,r-W3,0,4472098,1519787,33.98375885322728
27.5.6,r-W4,0,4473306,1518467,33.94507328584273
27.5.6,SF_ML_amplitude,1,4472098,2966118,66.32497767267175
27.5.6,SF_ML_amplitude,2,4472098,2949990,65.96434156854345
27.5.6,SF_ML_gamma,1,4472098,2966118,66.32497767267175
27.5.6,SF_ML_gamma,2,4472098,2949990,65.96434156854345
27.5.6,sgscore1,0,4472098,1229452,27.491615791961625
27.5.6,sigma_distnr,12,4473306,226682,5.0674378189196085
27.5.6,Skew,1,4472098,2966118,66.32497767267175
27.5.6,Skew,2,4472098,2949990,65.96434156854345
27.5.6,SmallKurtosis,1,4472098,2966118,66.32497767267175
27.5.6,SmallKurtosis,2,4472098,2949990,65.96434156854345
27.5.6,SPM_A,1,4472098,158179,3.537019984803553
27.5.6,SPM_A,2,4472098,192826,4.311757032158061
27.5.6,SPM_beta,1,4472098,158179,3.537019984803553
27.5.6,SPM_beta,2,4472098,192826,4.311757032158061
27.5.6,SPM_chi,1,4472098,793801,17.750080610934734
27.5.6,SPM_chi,2,4472098,840173,18.786998853781828
27.5.6,SPM_gamma,1,4472098,158179,3.537019984803553
27.5.6,SPM_gamma,2,4472098,192826,4.311757032158061
27.5.6,SPM_t0,1,4472098,158179,3.537019984803553
27.5.6,SPM_t0,2,4472098,192826,4.311757032158061
27.5.6,SPM_tau_fall,1,4472098,158179,3.537019984803553
27.5.6,SPM_tau_fall,2,4472098,192826,4.311757032158061
27.5.6,SPM_tau_rise,1,4472098,158179,3.537019984803553
27.5.6,SPM_tau_rise,2,4472098,192826,4.311757032158061
27.5.6,Std,1,4472098,2966118,66.32497767267175
27.5.6,Std,2,4472098,2949990,65.96434156854345
27.5.6,StetsonK,1,4472098,2966118,66.32497767267175
27.5.6,StetsonK,2,4472098,2949990,65.96434156854345
27.5.6,TDE_decay,1,4473306,349582,7.814846558674948
27.5.6,TDE_decay,2,4473306,323818,7.2388966907249355
27.5.6,TDE_decay_chi,1,4473306,2866886,64.08875225616133
27.5.6,TDE_decay_chi,2,4473306,2790867,62.38936035227637
27.5.6,TDE_mag0,1,4473306,349582,7.814846558674948
27.5.6,TDE_mag0,2,4473306,323818,7.2388966907249355
27.5.6,Timespan,0,4473306,0,0.0
27.5.6,ulens_chi,1,4473306,1008860,22.55289488356039
27.5.6,ulens_chi,2,4473306,1008033,22.534407438257073
27.5.6,ulens_fs,1,4473306,924300,20.662570367419534
27.5.6,ulens_fs,2,4473306,909121,20.32324638645333
27.5.6,ulens_mag0,1,4473306,924300,20.662570367419534
27.5.6,ulens_mag0,2,4473306,909121,20.32324638645333
27.5.6,ulens_t0,1,4473306,924300,20.662570367419534
27.5.6,ulens_t0,2,4473306,909121,20.32324638645333
27.5.6,ulens_tE,1,4473306,924300,20.662570367419534
27.5.6,ulens_tE,2,4473306,909121,20.32324638645333
27.5.6,ulens_u0,1,4473306,924300,20.662570367419534
27.5.6,ulens_u0,2,4473306,909121,20.32324638645333
27.5.6,W1-W2,0,4472098,917636,20.519138891857917
27.5.6,W2-W3,0,4472098,921952,20.61564840484265
27.5.6,W3-W4,0,4473306,922560,20.623672961340002
27.5.7a32.dev1,Amplitude,1,4959853,3343461,67.4104857543157
27.5.7a32.dev1,Amplitude,2,4959853,3326359,67.0656771480929
27.5.7a32.dev1,AndersonDarling,1,4959853,3343461,67.4104857543157
27.5.7a32.dev1,AndersonDarling,2,4959853,3326359,67.0656771480929
27.5.7a32.dev1,Autocor_length,1,4959853,3343461,67.4104857543157
27.5.7a32.dev1,Autocor_length,2,4959853,3326359,67.0656771480929
27.5.7a32.dev1,Beyond1Std,1,4959853,3343461,67.4104857543157
27.5.7a32.dev1,Beyond1Std,2,4959853,3326359,67.0656771480929
27.5.7a32.dev1,color_variation,12,4961702,2564780,51.69153649292118
27.5.7a32.dev1,Con,1,4959853,3343461,67.4104857543157
27.5.7a32.dev1,Con,2,4959853,3326359,67.0656771480929
27.5.7a32.dev1,Coordinate_x,0,4961702,0,0.0
27.5.7a32.dev1,Coordinate_y,0,4961702,0,0.0
27.5.7a32.dev1,Coordinate_z,0,4961702,0,0.0
27.5.7a32.dev1,dbrightness_first_det_band,1,4961702,4546728,91.63645861843375
27.5.7a32.dev1,dbrightness_first_det_band,2,4961702,4457221,89.83250102484995
27.5.7a32.dev1,dbrightness_forced_phot_band,1,4961702,4546728,91.63645861843375
27.5.7a32.dev1,dbrightness_forced_phot_band,2,4961702,4457221,89.83250102484995
27.5.7a32.dev1,delta_period,1,4959853,2212526,44.608701104649676
27.5.7a32.dev1,delta_period,2,4959853,2252712,45.41892673028818
27.5.7a32.dev1,distpsnr1,0,4961702,1635842,32.96937220332862
27.5.7a32.dev1,Eta_e,1,4959853,3343461,67.4104857543157
27.5.7a32.dev1,Eta_e,2,4959853,3326359,67.0656771480929
27.5.7a32.dev1,ExcessVar,1,4959853,3343461,67.4104857543157
27.5.7a32.dev1,ExcessVar,2,4959853,3326359,67.0656771480929
27.5.7a32.dev1,fleet_a,1,4961702,2025840,40.829537928718814
27.5.7a32.dev1,fleet_a,2,4961702,2081536,41.95205596789166
27.5.7a32.dev1,fleet_chi,1,4961702,2255024,45.44859808186788
27.5.7a32.dev1,fleet_chi,2,4961702,2316772,46.69309039519101
27.5.7a32.dev1,fleet_m0,1,4961702,2025840,40.829537928718814
27.5.7a32.dev1,fleet_m0,2,4961702,2081536,41.95205596789166
27.5.7a32.dev1,fleet_t0,1,4961702,2025840,40.829537928718814
27.5.7a32.dev1,fleet_t0,2,4961702,2081536,41.95205596789166
27.5.7a32.dev1,fleet_w,1,4961702,2025840,40.829537928718814
27.5.7a32.dev1,fleet_w,2,4961702,2081536,41.95205596789166
27.5.7a32.dev1,GP_DRW_sigma,1,4959853,3190717,64.33087835466091
27.5.7a32.dev1,GP_DRW_sigma,2,4959853,3194918,64.41557844557087
27.5.7a32.dev1,GP_DRW_tau,1,4959853,3190717,64.33087835466091
27.5.7a32.dev1,GP_DRW_tau,2,4959853,3194918,64.41557844557087
27.5.7a32.dev1,g-r_max,12,4959853,1755311,35.39038354564137
27.5.7a32.dev1,g-r_max_corr,12,4959853,1799738,36.28611573770432
27.5.7a32.dev1,g-r_mean,12,4959853,1755311,35.39038354564137
27.5.7a32.dev1,g-r_mean_corr,12,4959853,1799738,36.28611573770432
27.5.7a32.dev1,Gskew,1,4959853,3343461,67.4104857543157
27.5.7a32.dev1,Gskew,2,4959853,3326359,67.0656771480929
27.5.7a32.dev1,g-W1,0,4961702,4961702,100.0
27.5.7a32.dev1,g-W2,0,4959853,4959853,100.0
27.5.7a32.dev1,g-W3,0,4959853,4959853,100.0
27.5.7a32.dev1,g-W4,0,4961702,4961702,100.0
27.5.7a32.dev1,Harmonics_chi,1,4961702,2228767,44.91940467202585
27.5.7a32.dev1,Harmonics_chi,2,4961702,2274628,45.843704438517264
27.5.7a32.dev1,Harmonics_mag_1,1,4959853,2167201,43.69486353728629
27.5.7a32.dev1,Harmonics_mag_1,2,4959853,2202915,44.41492520040413
27.5.7a32.dev1,Harmonics_mag_2,1,4959853,2167201,43.69486353728629
27.5.7a32.dev1,Harmonics_mag_2,2,4959853,2202915,44.41492520040413
27.5.7a32.dev1,Harmonics_mag_3,1,4959853,2167201,43.69486353728629
27.5.7a32.dev1,Harmonics_mag_3,2,4959853,2202915,44.41492520040413
27.5.7a32.dev1,Harmonics_mag_4,1,4959853,2167201,43.69486353728629
27.5.7a32.dev1,Harmonics_mag_4,2,4959853,2202915,44.41492520040413
27.5.7a32.dev1,Harmonics_mag_5,1,4959853,2167201,43.69486353728629
27.5.7a32.dev1,Harmonics_mag_5,2,4959853,2202915,44.41492520040413
27.5.7a32.dev1,Harmonics_mag_6,1,4959853,2167201,43.69486353728629
27.5.7a32.dev1,Harmonics_mag_6,2,4959853,2202915,44.41492520040413
27.5.7a32.dev1,Harmonics_mag_7,1,4959853,2167201,43.69486353728629
27.5.7a32.dev1,Harmonics_mag_7,2,4959853,2202915,44.41492520040413
27.5.7a32.dev1,Harmonics_mse,1,4959853,2167201,43.69486353728629
27.5.7a32.dev1,Harmonics_mse,2,4959853,2202915,44.41492520040413
27.5.7a32.dev1,Harmonics_phase_2,1,4959853,2167201,43.69486353728629
27.5.7a32.dev1,Harmonics_phase_2,2,4959853,2202915,44.41492520040413
27.5.7a32.dev1,Harmonics_phase_3,1,4959853,2167201,43.69486353728629
27.5.7a32.dev1,Harmonics_phase_3,2,4959853,2202915,44.41492520040413
27.5.7a32.dev1,Harmonics_phase_4,1,4959853,2167201,43.69486353728629
27.5.7a32.dev1,Harmonics_phase_4,2,4959853,2202915,44.41492520040413
27.5.7a32.dev1,Harmonics_phase_5,1,4959853,2167201,43.69486353728629
27.5.7a32.dev1,Harmonics_phase_5,2,4959853,2202915,44.41492520040413
27.5.7a32.dev1,Harmonics_phase_6,1,4959853,2167201,43.69486353728629
27.5.7a32.dev1,Harmonics_phase_6,2,4959853,2202915,44.41492520040413
27.5.7a32.dev1,Harmonics_phase_7,1,4959853,2167201,43.69486353728629
27.5.7a32.dev1,Harmonics_phase_7,2,4959853,2202915,44.41492520040413
27.5.7a32.dev1,IAR_phi,1,4959853,3343461,67.4104857543157
27.5.7a32.dev1,IAR_phi,2,4959853,3326359,67.0656771480929
27.5.7a32.dev1,last_brightness_before_band,1,4961702,4275499,86.17000779168116
27.5.7a32.dev1,last_brightness_before_band,2,4961702,4204536,84.73979291783344
27.5.7a32.dev1,LinearTrend,1,4959853,3343461,67.4104857543157
27.5.7a32.dev1,LinearTrend,2,4959853,3326359,67.0656771480929
27.5.7a32.dev1,max_brightness_after_band,1,4961702,705095,14.210748650362316
27.5.7a32.dev1,max_brightness_after_band,2,4961702,646590,13.03161697336922
27.5.7a32.dev1,max_brightness_before_band,1,4961702,4275499,86.17000779168116
27.5.7a32.dev1,max_brightness_before_band,2,4961702,4204536,84.73979291783344
27.5.7a32.dev1,MaxSlope,1,4959853,3343461,67.4104857543157
27.5.7a32.dev1,MaxSlope,2,4959853,3326359,67.0656771480929
27.5.7a32.dev1,Mean,1,4959853,3343461,67.4104857543157
27.5.7a32.dev1,Mean,2,4959853,3326359,67.0656771480929
27.5.7a32.dev1,mean_chinr,12,4961702,140439,2.830460192893487
27.5.7a32.dev1,mean_distnr,12,4961702,136066,2.7423251134388966
27.5.7a32.dev1,mean_sharpnr,12,4961702,140439,2.830460192893487
27.5.7a32.dev1,Meanvariance,1,4959853,3343461,67.4104857543157
27.5.7a32.dev1,Meanvariance,2,4959853,3326359,67.0656771480929
27.5.7a32.dev1,MedianAbsDev,1,4959853,3343461,67.4104857543157
27.5.7a32.dev1,MedianAbsDev,2,4959853,3326359,67.0656771480929
27.5.7a32.dev1,median_brightness_after_band,1,4961702,705095,14.210748650362316
27.5.7a32.dev1,median_brightness_after_band,2,4961702,646590,13.03161697336922
27.5.7a32.dev1,median_brightness_before_band,1,4961702,4275499,86.17000779168116
27.5.7a32.dev1,median_brightness_before_band,2,4961702,4204536,84.73979291783344
27.5.7a32.dev1,MedianBRP,1,4959853,3343461,67.4104857543157
27.5.7a32.dev1,MedianBRP,2,4959853,3326359,67.0656771480929
27.5.7a32.dev1,MHPS_high,1,4959853,3699498,74.58886382318185
27.5.7a32.dev1,MHPS_high,2,4959853,3647533,73.54115132041211
27.5.7a32.dev1,MHPS_high_30,1,4961702,3700251,74.5762442000749
27.5.7a32.dev1,MHPS_high_30,2,4961702,3648487,73.53297316122573
27.5.7a32.dev1,MHPS_low,1,4959853,3699498,74.58886382318185
27.5.7a32.dev1,MHPS_low,2,4959853,3647533,73.54115132041211
27.5.7a32.dev1,MHPS_low_365,1,4961702,3700251,74.5762442000749
27.5.7a32.dev1,MHPS_low_365,2,4961702,3648487,73.53297316122573
27.5.7a32.dev1,MHPS_non_zero,1,4959853,3699498,74.58886382318185
27.5.7a32.dev1,MHPS_non_zero,2,4959853,3647533,73.54115132041211
27.5.7a32.dev1,MHPS_PN_flag,1,4959853,3699498,74.58886382318185
27.5.7a32.dev1,MHPS_PN_flag,2,4959853,3647533,73.54115132041211
27.5.7a32.dev1,MHPS_ratio,1,4959853,3699498,74.58886382318185
27.5.7a32.dev1,MHPS_ratio,2,4959853,3647533,73.54115132041211
27.5.7a32.dev1,MHPS_ratio_365_30,1,4961702,3700251,74.5762442000749
27.5.7a32.dev1,MHPS_ratio_365_30,2,4961702,3648487,73.53297316122573
27.5.7a32.dev1,Multiband_period,12,4959853,1901582,38.33948304516283
27.5.7a32.dev1,n_forced_phot_band_after,1,4961702,441490,8.897954774389918
27.5.7a32.dev1,n_forced_phot_band_after,2,4961702,383565,7.730512634575796
27.5.7a32.dev1,n_forced_phot_band_before,1,4961702,441490,8.897954774389918
27.5.7a32.dev1,n_forced_phot_band_before,2,4961702,383565,7.730512634575796
27.5.7a32.dev1,PairSlopeTrend,1,4959853,3343461,67.4104857543157
27.5.7a32.dev1,PairSlopeTrend,2,4959853,3326359,67.0656771480929
27.5.7a32.dev1,PercentAmplitude,1,4959853,3343461,67.4104857543157
27.5.7a32.dev1,PercentAmplitude,2,4959853,3326359,67.0656771480929
27.5.7a32.dev1,Period_band,1,4959853,2212526,44.608701104649676
27.5.7a32.dev1,Period_band,2,4959853,2252712,45.41892673028818
27.5.7a32.dev1,positive_fraction,1,4959853,912915,18.406089857905062
27.5.7a32.dev1,positive_fraction,2,4959853,928396,18.718216043902913
27.5.7a32.dev1,Power_rate_1/2,12,4959853,1901582,38.33948304516283
27.5.7a32.dev1,Power_rate_1/3,12,4959853,1901582,38.33948304516283
27.5.7a32.dev1,Power_rate_1/4,12,4959853,1901582,38.33948304516283
27.5.7a32.dev1,Power_rate_2,12,4959853,1901582,38.33948304516283
27.5.7a32.dev1,Power_rate_3,12,4959853,1901582,38.33948304516283
27.5.7a32.dev1,Power_rate_4,12,4959853,1901582,38.33948304516283
27.5.7a32.dev1,PPE,12,4959853,1901582,38.33948304516283
27.5.7a32.dev1,ps_g-r,0,4961702,1791995,36.11653823627457
27.5.7a32.dev1,Psi_CS,1,4959853,2940215,59.280285121353394
27.5.7a32.dev1,Psi_CS,2,4959853,3014693,60.7819022055694
27.5.7a32.dev1,Psi_eta,1,4959853,2940215,59.280285121353394
27.5.7a32.dev1,Psi_eta,2,4959853,3014693,60.7819022055694
27.5.7a32.dev1,ps_i-z,0,4961702,1706863,34.400756030894236
27.5.7a32.dev1,ps_r-i,0,4961702,1723744,34.74098202592578
27.5.7a32.dev1,Pvar,1,4959853,3343461,67.4104857543157
27.5.7a32.dev1,Pvar,2,4959853,3326359,67.0656771480929
27.5.7a32.dev1,Q31,1,4959853,3343461,67.4104857543157
27.5.7a32.dev1,Q31,2,4959853,3326359,67.0656771480929
27.5.7a32.dev1,Rcs,1,4959853,3343461,67.4104857543157
27.5.7a32.dev1,Rcs,2,4959853,3326359,67.0656771480929
27.5.7a32.dev1,r-W1,0,4961702,4961702,100.0
27.5.7a32.dev1,r-W2,0,4959853,4959853,100.0
27.5.7a32.dev1,r-W3,0,4959853,4959853,100.0
27.5.7a32.dev1,r-W4,0,4961702,4961702,100.0
27.5.7a32.dev1,SF_ML_amplitude,1,4959853,3343461,67.4104857543157
27.5.7a32.dev1,SF_ML_amplitude,2,4959853,3326359,67.0656771480929
27.5.7a32.dev1,SF_ML_gamma,1,4959853,3343461,67.4104857543157
27.5.7a32.dev1,SF_ML_gamma,2,4959853,3326359,67.0656771480929
27.5.7a32.dev1,sgscore1,0,4959853,1635130,32.96730770044999
27.5.7a32.dev1,sigma_distnr,12,4961702,144806,2.9184743461013984
27.5.7a32.dev1,Skew,1,4959853,3343461,67.4104857543157
27.5.7a32.dev1,Skew,2,4959853,3326359,67.0656771480929
27.5.7a32.dev1,SmallKurtosis,1,4959853,3343461,67.4104857543157
27.5.7a32.dev1,SmallKurtosis,2,4959853,3326359,67.0656771480929
27.5.7a32.dev1,SPM_A,1,4959853,202483,4.08243954004282
27.5.7a32.dev1,SPM_A,2,4959853,213075,4.295994256281386
27.5.7a32.dev1,SPM_beta,1,4959853,202483,4.08243954004282
27.5.7a32.dev1,SPM_beta,2,4959853,213075,4.295994256281386
27.5.7a32.dev1,SPM_chi,1,4959853,762530,15.374044351717682
27.5.7a32.dev1,SPM_chi,2,4959853,786332,15.853937606618583
27.5.7a32.dev1,SPM_gamma,1,4959853,202483,4.08243954004282
27.5.7a32.dev1,SPM_gamma,2,4959853,213075,4.295994256281386
27.5.7a32.dev1,SPM_t0,1,4959853,202483,4.08243954004282
27.5.7a32.dev1,SPM_t0,2,4959853,213075,4.295994256281386
27.5.7a32.dev1,SPM_tau_fall,1,4959853,202483,4.08243954004282
27.5.7a32.dev1,SPM_tau_fall,2,4959853,213075,4.295994256281386
27.5.7a32.dev1,SPM_tau_rise,1,4959853,202483,4.08243954004282
27.5.7a32.dev1,SPM_tau_rise,2,4959853,213075,4.295994256281386
27.5.7a32.dev1,Std,1,4959853,3343461,67.4104857543157
27.5.7a32.dev1,Std,2,4959853,3326359,67.0656771480929
27.5.7a32.dev1,StetsonK,1,4959853,3343461,67.4104857543157
27.5.7a32.dev1,StetsonK,2,4959853,3326359,67.0656771480929
27.5.7a32.dev1,TDE_decay,1,4961702,382621,7.711486905098291
27.5.7a32.dev1,TDE_decay,2,4961702,322185,6.4934371310489825
27.5.7a32.dev1,TDE_decay_chi,1,4961702,3109891,62.67790770183296
27.5.7a32.dev1,TDE_decay_chi,2,4961702,2980738,60.07490977894279
27.5.7a32.dev1,TDE_mag0,1,4961702,382621,7.711486905098291
27.5.7a32.dev1,TDE_mag0,2,4961702,322185,6.4934371310489825
27.5.7a32.dev1,Timespan,0,4961702,0,0.0
27.5.7a32.dev1,ulens_chi,1,4961702,914366,18.428474745158013
27.5.7a32.dev1,ulens_chi,2,4961702,866079,17.45528046625936
27.5.7a32.dev1,ulens_fs,1,4961702,842081,16.971615788292002
27.5.7a32.dev1,ulens_fs,2,4961702,779582,15.711987539759543
27.5.7a32.dev1,ulens_mag0,1,4961702,842081,16.971615788292002
27.5.7a32.dev1,ulens_mag0,2,4961702,779582,15.711987539759543
27.5.7a32.dev1,ulens_t0,1,4961702,842081,16.971615788292002
27.5.7a32.dev1,ulens_t0,2,4961702,779582,15.711987539759543
27.5.7a32.dev1,ulens_tE,1,4961702,842081,16.971615788292002
27.5.7a32.dev1,ulens_tE,2,4961702,779582,15.711987539759543
27.5.7a32.dev1,ulens_u0,1,4961702,842081,16.971615788292002
27.5.7a32.dev1,ulens_u0,2,4961702,779582,15.711987539759543
27.5.7a32.dev1,W1-W2,0,4959853,4959853,100.0
27.5.7a32.dev1,W2-W3,0,4959853,4959853,100.0
27.5.7a32.dev1,W3-W4,0,4961702,4961702,100.0
